id,zonaId,municipio,name,lat,lng,status,address,priority,size,confidence,coverage,quality,phone,departamento,source_url,source,categoria,NIT,temperatura,gap_nivel,accion_recomendada,source_agents
choco_entity_001,choco_quibdo,Quibdó,Depósito de Materiales Santa Rita Quibdó,5.692395,-76.65367,ACTIVO,"Carrera 32 #22-19, Quibdó",Alta,Mediana,75.6,72.9,Media,+573504856488,Chocó,null,A1,Deposito,900482139-7,66.4,media,Realizar seguimiento comercial.,"[""A1""]"
choco_entity_002,choco_quibdo,Quibdó,Comercializadora Hermanos Mosquera Quibdó,5.692663,-76.661153,ACTIVO,"Carrera 2 #5-5, Barrio Kennedy, Quibdó",Alta,Pequeña,87.4,92.5,Alta,+573509021501,Chocó,https://directorio-mock.ferromap.co/choco/quibdo/002,A3,Distribuidora,901271011-1,46.6,media,Fortalecer cobertura comercial.,"[""A2"",""A3""]"
choco_entity_003,choco_quibdo,Quibdó,Depósito La 20,5.686321,-76.660231,ACTIVO,"Carrera 24 #7-59, Barrio Pandeyuca, Quibdó",Alta,Mediana,38.9,39.4,Baja,+573510645693,Chocó,null,A1,Deposito,900948078-8,54.5,media,Realizar seguimiento comercial.,"[""A1""]"
choco_entity_004,choco_quibdo,Quibdó,Distribuciones Punta Brava,5.704717,-76.65446,ACTIVO,"Avenida 18 #5-14, Quibdó",Alta,Mediana,69.3,83.6,Media,+573505189621,Chocó,https://directorio-mock.ferromap.co/choco/quibdo/004,A2,Distribuidora,900563033-3,73.8,alta,Priorizar activación comercial.,"[""A1"",""A2""]"
choco_entity_005,choco_quibdo,Quibdó,Depósito de Materiales Cuesta,5.704041,-76.656047,ACTIVO,"Calle 3 #26-18, Quibdó",Alta,Mediana,68.9,83.7,Media,+573171065476,Chocó,https://directorio-mock.ferromap.co/choco/quibdo/005,A2,Deposito,900249420-5,99.5,alta,Priorizar visita comercial.,"[""A1"",""A2""]"
choco_entity_006,choco_quibdo,Quibdó,Ferretería Industrial Hermanos Palacios Quibdó,5.698256,-76.656622,ACTIVO,"Carrera 19 #11-40, Quibdó",Alta,Pequeña,88.1,94.9,Alta,+573224287050,Chocó,https://directorio-mock.ferromap.co/choco/quibdo/006,A1,Ferreteria,900709974-8,49.0,media,Fortalecer cobertura comercial.,"[""A1"",""A3""]"
choco_entity_007,choco_quibdo,Quibdó,Ferretería y Pinturas El Guayacán Quibdó,5.67969,-76.650557,VALIDAR,"Transversal 16 #9-18, Barrio Centro, Quibdó",Alta,Pequeña,94.3,91.3,Alta,+573220979804,Chocó,https://directorio-mock.ferromap.co/choco/quibdo/007,A3,Ferreteria,900137102-7,68.8,media,Realizar validación del establecimiento.,"[""A2"",""A3""]"
choco_entity_008,choco_quibdo,Quibdó,Comercializadora Hermanos Palacios,5.699262,-76.653784,ACTIVO,"Avenida 8 #8-36, Quibdó",Alta,Grande,66.9,83.2,Media,+573165829567,Chocó,https://directorio-mock.ferromap.co/choco/quibdo/008,A3,Distribuidora,900441031-5,92.4,alta,Priorizar activación comercial.,"[""A1"",""A3""]"
choco_entity_009,choco_quibdo,Quibdó,Ferretería y Pinturas San Francisco,5.686685,-76.662539,ACTIVO,"Avenida 31 #22-49, Quibdó",Alta,Mediana,42.9,52.5,Baja,+573136642476,Chocó,https://directorio-mock.ferromap.co/choco/quibdo/009,A2,Ferreteria,900714842-4,70.1,alta,Priorizar visita comercial.,"[""A2""]"
choco_entity_010,choco_quibdo,Quibdó,Depósito La Primavera,5.697452,-76.658716,ACTIVO,"Transversal 18 #7-34, Quibdó",Alta,Mediana,67.2,74.4,Media,+573040257117,Chocó,https://directorio-mock.ferromap.co/choco/quibdo/010,A1,Deposito,901533989-4,55.7,media,Realizar seguimiento comercial.,"[""A1"",""A3""]"
choco_entity_011,choco_quibdo,Quibdó,Ferretería y Pinturas Los Andes,5.699393,-76.664115,ACTIVO,"Calle 27 #1-59, Quibdó",Alta,Pequeña,94.5,91.9,Alta,+573118492864,Chocó,https://directorio-mock.ferromap.co/choco/quibdo/011,A1,Ferreteria,901165289-8,60.9,media,Realizar seguimiento comercial.,"[""A1"",""A3""]"
choco_entity_012,choco_quibdo,Quibdó,Ferretería Industrial El Futuro,5.697481,-76.654731,ACTIVO,"Calle 28 #8-17, Quibdó",Alta,Grande,88.4,93.6,Alta,+573511663714,Chocó,null,A1,Ferreteria,901013375-1,53.8,media,Realizar seguimiento comercial.,"[""A1"",""A2"",""A3""]"
choco_entity_013,choco_quibdo,Quibdó,Ferretería Industrial La Victoria,5.688744,-76.64275,ACTIVO,"Carrera 9 #26-60, Quibdó",Alta,Pequeña,99.9,90.3,Alta,+573171197216,Chocó,null,A3,Ferreteria,900493581-7,70.1,alta,Priorizar visita comercial.,"[""A1"",""A2"",""A3""]"
choco_entity_014,choco_quibdo,Quibdó,Depósito La Frontera,5.699714,-76.647463,ACTIVO,"Transversal 28 #25-25, Barrio Zona Minera, Quibdó",Alta,Grande,61.4,83.4,Media,+573235328830,Chocó,https://directorio-mock.ferromap.co/choco/quibdo/014,A3,Deposito,900950551-7,61.2,media,Realizar seguimiento comercial.,"[""A3""]"
choco_entity_015,choco_quibdo,Quibdó,Ferretería Industrial Chocó Construye,5.689111,-76.664995,ACTIVO,"Carrera 7 #26-21, Quibdó",Alta,Mediana,40.1,49.5,Baja,+573237546532,Chocó,null,A3,Ferreteria,900483934-0,70.5,alta,Priorizar visita comercial.,"[""A3""]"
choco_entity_016,choco_quibdo,Quibdó,Ferretería y Pinturas Casa Nueva,5.6916,-76.659264,ACTIVO,"Calle 17 #14-13, Quibdó",Alta,Mediana,73.1,80.0,Media,+573181639877,Chocó,https://directorio-mock.ferromap.co/choco/quibdo/016,A2,Ferreteria,901485967-6,72.3,alta,Priorizar visita comercial.,"[""A2""]"
choco_entity_017,choco_quibdo,Quibdó,Depósito de Materiales Casa Nueva Quibdó,5.700394,-76.656051,INACTIVO,"Carrera 22 #11-13, Quibdó",Alta,Mediana,68.7,74.5,Media,+573052252389,Chocó,null,A1,Deposito,900885176-1,48.6,media,Verificar continuidad operativa del establecimiento.,"[""A1"",""A3""]"
choco_entity_018,choco_quibdo,Quibdó,Ferretería y Pinturas El Progreso Quibdó,5.69067,-76.666964,VALIDAR,"Transversal 9 #21-57, Barrio Pandeyuca, Quibdó",Alta,Pequeña,81.5,64.7,Media,+573153453487,Chocó,https://directorio-mock.ferromap.co/choco/quibdo/018,A1,Ferreteria,901288832-6,69.4,media,Verificar información del punto.,"[""A1""]"
choco_entity_019,choco_quibdo,Quibdó,Ferre-Eléctricos El Futuro Quibdó,5.69001,-76.647246,ACTIVO,"Carrera 5 #5-15, Quibdó",Alta,Pequeña,33.5,42.6,Baja,+573217704545,Chocó,https://directorio-mock.ferromap.co/choco/quibdo/019,A1,Ferreteria,901002441-2,31.0,baja,Mantener seguimiento de la cuenta.,"[""A1""]"
choco_entity_020,choco_quibdo,Quibdó,Ferretería y Pinturas La Victoria,5.687421,-76.656084,ACTIVO,"Carrera 16 #30-22, Quibdó",Alta,Mediana,73.6,76.3,Media,+573239896597,Chocó,null,A3,Ferreteria,901238107-0,65.8,media,Realizar seguimiento comercial.,"[""A1"",""A3""]"
choco_entity_021,choco_quibdo,Quibdó,Comercializadora Río San Juan Quibdó,5.698543,-76.671788,VALIDAR,"Carrera 19 #13-10, Barrio La Yesquita, Quibdó",Alta,Pequeña,42.4,55.7,Baja,+573110288186,Chocó,https://directorio-mock.ferromap.co/choco/quibdo/021,A3,Distribuidora,900908611-3,55.8,media,Verificar información del punto.,"[""A3""]"
choco_entity_022,choco_quibdo,Quibdó,Distribuciones El Guayacán,5.695137,-76.646474,ACTIVO,"Transversal 26 #18-58, Quibdó",Alta,Mediana,98.6,97.8,Alta,+573130202934,Chocó,https://directorio-mock.ferromap.co/choco/quibdo/022,A3,Distribuidora,900840061-8,64.4,media,Fortalecer cobertura comercial.,"[""A1"",""A2"",""A3""]"
choco_entity_023,choco_quibdo,Quibdó,Depósito de Materiales Moreno Quibdó,5.676553,-76.661212,ACTIVO,"Carrera 1 #1-56, Quibdó",Alta,Grande,90.5,94.6,Alta,+573136104324,Chocó,https://directorio-mock.ferromap.co/choco/quibdo/023,A3,Deposito,900404804-4,54.4,media,Fortalecer cobertura comercial.,"[""A3""]"
choco_entity_024,choco_quibdo,Quibdó,Depósito El Chontaduro,5.693744,-76.665699,VALIDAR,"Calle 4 #5-8, Quibdó",Alta,Mediana,80.6,73.7,Media,+573174611146,Chocó,null,A3,Deposito,901407240-8,79.3,alta,Verificar información del punto.,"[""A3""]"
choco_entity_025,choco_quibdo,Quibdó,Ferretería y Pinturas La Palma,5.699181,-76.658864,ACTIVO,"Calle 22 #25-22, Quibdó",Alta,Mediana,90.7,88.4,Alta,+573131675851,Chocó,https://directorio-mock.ferromap.co/choco/quibdo/025,A2,Ferreteria,901766382-4,49.8,media,Realizar seguimiento comercial.,"[""A2"",""A3""]"
choco_entity_026,choco_quibdo,Quibdó,Depósito de Materiales La Económica,5.681505,-76.650805,ACTIVO,"Calle 17 #8-56, Quibdó",Alta,Mediana,98.2,99.0,Alta,+573022730071,Chocó,https://directorio-mock.ferromap.co/choco/quibdo/026,A3,Deposito,900524219-1,66.0,media,Realizar seguimiento comercial.,"[""A3""]"
choco_entity_027,choco_quibdo,Quibdó,Ferretería Industrial La Bendición,5.70073,-76.649737,VALIDAR,"Avenida 21 #23-4, Quibdó",Alta,Mediana,69.8,73.5,Media,+573115350027,Chocó,https://directorio-mock.ferromap.co/choco/quibdo/027,A2,Ferreteria,901726477-4,68.3,media,Verificar información del punto.,"[""A2""]"
choco_entity_028,choco_quibdo,Quibdó,Ferretería Industrial Río San Juan,5.707678,-76.65502,INACTIVO,"Avenida 22 #28-27, Quibdó",Alta,Mediana,65.1,86.3,Media,+573125242823,Chocó,https://directorio-mock.ferromap.co/choco/quibdo/028,A1,Ferreteria,901166118-1,66.9,media,Evaluar reactivación del punto comercial.,"[""A1""]"
choco_entity_029,choco_quibdo,Quibdó,Distribuidora El Sol,5.695775,-76.670062,VALIDAR,"Calle 4 #24-24, Quibdó",Alta,Mediana,58.6,46.1,Baja,+573113034819,Chocó,null,A1,Distribuidora,900795928-5,56.1,media,Realizar validación del establecimiento.,"[""A1""]"
choco_entity_030,choco_quibdo,Quibdó,Depósito de Materiales Moreno,5.700245,-76.663839,ACTIVO,"Carrera 7 #10-27, Barrio Zona Minera, Quibdó",Alta,Mediana,71.5,61.6,Media,+573157593207,Chocó,null,A1,Deposito,900924906-8,41.0,media,Realizar seguimiento comercial.,"[""A1"",""A2""]"
choco_entity_031,choco_quibdo,Quibdó,Ferre-Eléctricos El Constructor,5.690622,-76.669751,ACTIVO,"Calle 32 #3-16, Quibdó",Alta,Pequeña,76.1,82.3,Media,+573016246599,Chocó,https://directorio-mock.ferromap.co/choco/quibdo/031,A1,Ferreteria,901508469-0,86.6,alta,Priorizar activación comercial.,"[""A1"",""A3""]"
choco_entity_032,choco_quibdo,Quibdó,Ferretería y Pinturas El Futuro Quibdó,5.685983,-76.663109,ACTIVO,"Transversal 11 #13-39, Barrio Niño Jesús, Quibdó",Alta,Grande,71.0,85.2,Media,+573180135657,Chocó,https://directorio-mock.ferromap.co/choco/quibdo/032,A3,Ferreteria,900698441-5,57.5,media,Fortalecer cobertura comercial.,"[""A3""]"
choco_entity_033,choco_quibdo,Quibdó,Ferre-Eléctricos San Francisco Quibdó,5.681568,-76.656133,VALIDAR,"Calle 8 #17-32, Quibdó",Alta,Mediana,75.8,66.5,Media,+573512580571,Chocó,https://directorio-mock.ferromap.co/choco/quibdo/033,A1,Ferreteria,900574274-9,49.8,media,Verificar información del punto.,"[""A1"",""A2""]"
choco_entity_034,choco_quibdo,Quibdó,Comercializadora Perea Quibdó,5.707703,-76.653062,ACTIVO,"Transversal 1 #21-37, Quibdó",Alta,Pequeña,88.6,97.1,Alta,+573502284816,Chocó,https://directorio-mock.ferromap.co/choco/quibdo/034,A2,Distribuidora,901561633-7,90.7,alta,Priorizar visita comercial.,"[""A1"",""A2"",""A3""]"
choco_entity_035,choco_quibdo,Quibdó,Depósito de Materiales Lozano,5.69792,-76.664966,ACTIVO,"Carrera 19 #23-48, Barrio Medrano, Quibdó",Alta,Grande,88.1,91.2,Alta,+573042916376,Chocó,https://directorio-mock.ferromap.co/choco/quibdo/035,A3,Deposito,901786677-7,32.7,baja,Mantener seguimiento de la cuenta.,"[""A1"",""A3""]"
choco_entity_036,choco_quibdo,Quibdó,Comercializadora Los Hermanos,5.684612,-76.649451,ACTIVO,"Avenida 16 #7-50, Quibdó",Alta,Mediana,69.7,70.7,Media,+573124171151,Chocó,null,A2,Distribuidora,900174544-6,80.8,alta,Priorizar activación comercial.,"[""A2""]"
choco_entity_037,choco_quibdo,Quibdó,Materiales El Porvenir Quibdó,5.704626,-76.656876,ACTIVO,"Calle 7 #13-41, Barrio Niño Jesús, Quibdó",Alta,Pequeña,30.5,47.4,Baja,+573152635650,Chocó,https://directorio-mock.ferromap.co/choco/quibdo/037,A3,Deposito,900600797-0,86.6,alta,Priorizar activación comercial.,"[""A3""]"
choco_entity_038,choco_quibdo,Quibdó,Distribuidora Murillo,5.696914,-76.654367,ACTIVO,"Calle 5 #16-45, Barrio Roma, Quibdó",Alta,Grande,60.6,67.0,Media,+573103195633,Chocó,null,A3,Distribuidora,900697057-5,90.4,alta,Priorizar activación comercial.,"[""A3""]"
choco_entity_039,choco_quibdo,Quibdó,Ferretería Industrial Los Andes,5.70906,-76.652696,ACTIVO,"Carrera 20 #28-10, Quibdó",Alta,Pequeña,95.7,90.4,Alta,+573129016694,Chocó,https://directorio-mock.ferromap.co/choco/quibdo/039,A1,Ferreteria,901052463-8,99.5,alta,Priorizar visita comercial.,"[""A1"",""A2"",""A3""]"
choco_entity_040,choco_quibdo,Quibdó,Ferretería y Pinturas Murillo,5.699373,-76.653341,INACTIVO,"Transversal 25 #23-3, Quibdó",Alta,Mediana,53.8,57.9,Baja,+573149484596,Chocó,https://directorio-mock.ferromap.co/choco/quibdo/040,A1,Ferreteria,900458900-5,45.5,media,Verificar continuidad operativa del establecimiento.,"[""A1""]"
choco_entity_041,choco_quibdo,Quibdó,Depósito de Materiales La Victoria,5.680571,-76.646696,ACTIVO,"Carrera 25 #3-60, Barrio Centro, Quibdó",Alta,Grande,61.7,62.2,Media,+573147556753,Chocó,https://directorio-mock.ferromap.co/choco/quibdo/041,A1,Deposito,901749170-8,99.5,alta,Priorizar activación comercial.,"[""A1"",""A3""]"
choco_entity_042,choco_quibdo,Quibdó,Distribuidora El Baudó Quibdó,5.703305,-76.653505,ACTIVO,"Avenida 24 #26-48, Barrio Centro, Quibdó",Alta,Grande,66.0,72.9,Media,+573024734667,Chocó,https://directorio-mock.ferromap.co/choco/quibdo/042,A1,Distribuidora,900396270-6,83.2,alta,Priorizar activación comercial.,"[""A1""]"
choco_entity_043,choco_quibdo,Quibdó,Ferretería Industrial La Esperanza Quibdó,5.676917,-76.664037,INACTIVO,"Transversal 8 #9-54, Quibdó",Alta,Pequeña,82.1,78.9,Media,+573164067427,Chocó,null,A2,Ferreteria,901638924-8,55.9,media,Evaluar reactivación del punto comercial.,"[""A2""]"
choco_entity_044,choco_quibdo,Quibdó,Depósito de Materiales El Martillo,5.702288,-76.674698,VALIDAR,"Avenida 32 #25-47, Quibdó",Alta,Grande,35.4,30.2,Baja,+573510868206,Chocó,null,A2,Deposito,901179462-7,46.9,media,Verificar información del punto.,"[""A2""]"
choco_entity_045,choco_quibdo,Quibdó,Ferretería y Pinturas La Bendición Quibdó,5.693042,-76.64907,VALIDAR,"Carrera 8 #6-44, Barrio Cristo Rey, Quibdó",Alta,Pequeña,75.3,70.6,Media,+573213150091,Chocó,https://directorio-mock.ferromap.co/choco/quibdo/045,A3,Ferreteria,901261270-1,74.3,alta,Verificar información del punto.,"[""A3""]"
choco_entity_046,choco_quibdo,Quibdó,Depósito Mar y Río,5.682887,-76.643723,VALIDAR,"Transversal 22 #14-19, Quibdó",Alta,Grande,83.6,63.2,Media,+573056909904,Chocó,https://directorio-mock.ferromap.co/choco/quibdo/046,A1,Deposito,901531269-0,34.7,baja,Verificar información del punto.,"[""A1"",""A2""]"
choco_entity_047,choco_quibdo,Quibdó,Ferre-Eléctricos Los Robles Quibdó,5.699673,-76.659659,ACTIVO,"Calle 7 #7-28, Quibdó",Alta,Pequeña,65.4,70.4,Media,+573237204156,Chocó,null,A3,Ferreteria,900216831-7,67.6,media,Realizar seguimiento comercial.,"[""A1"",""A3""]"
choco_entity_048,choco_quibdo,Quibdó,Ferretería Industrial La Económica Quibdó,5.697627,-76.652417,VALIDAR,"Carrera 16 #17-3, Quibdó",Alta,Mediana,71.5,61.2,Media,+573159788941,Chocó,null,A3,Ferreteria,900257494-3,84.2,alta,Realizar validación del establecimiento.,"[""A2"",""A3""]"
choco_entity_049,choco_quibdo,Quibdó,Distribuciones San Pacho,5.695785,-76.647928,ACTIVO,"Transversal 13 #16-60, Quibdó",Alta,Pequeña,98.1,97.1,Alta,+573051175377,Chocó,https://directorio-mock.ferromap.co/choco/quibdo/049,A3,Distribuidora,901602036-7,76.0,alta,Priorizar activación comercial.,"[""A2"",""A3""]"
choco_entity_050,choco_quibdo,Quibdó,Comercializadora El Progreso,5.68874,-76.662055,ACTIVO,"Carrera 2 #23-2, Quibdó",Alta,Mediana,70.8,61.4,Media,+573513359593,Chocó,https://directorio-mock.ferromap.co/choco/quibdo/050,A1,Distribuidora,901310024-5,76.2,alta,Priorizar activación comercial.,"[""A1""]"
choco_entity_051,choco_quibdo,Quibdó,Ferretería Industrial La Estrella Quibdó,5.704085,-76.658057,ACTIVO,"Calle 31 #6-48, Quibdó",Alta,Pequeña,98.6,89.3,Alta,+573511428919,Chocó,https://directorio-mock.ferromap.co/choco/quibdo/051,A3,Ferreteria,901709880-8,84.4,alta,Priorizar visita comercial.,"[""A3""]"
choco_entity_052,choco_quibdo,Quibdó,Depósito de Materiales El Arquitecto,5.686768,-76.649731,ACTIVO,"Calle 29 #5-10, Barrio Zona Minera, Quibdó",Alta,Mediana,92.1,90.7,Alta,+573149248155,Chocó,https://directorio-mock.ferromap.co/choco/quibdo/052,A3,Deposito,900781382-3,74.3,alta,Priorizar visita comercial.,"[""A3""]"
choco_entity_053,choco_quibdo,Quibdó,Comercializadora San Martín Quibdó,5.707903,-76.662327,VALIDAR,"Transversal 21 #4-42, Quibdó",Alta,Pequeña,82.4,63.4,Media,+573014602554,Chocó,null,A2,Distribuidora,900511988-9,41.8,media,Verificar información del punto.,"[""A1"",""A2"",""A3""]"
choco_entity_054,choco_quibdo,Quibdó,Distribuidora Perea,5.682268,-76.65952,VALIDAR,"Transversal 19 #30-4, Quibdó",Alta,Pequeña,46.5,36.0,Baja,+573005612347,Chocó,null,A2,Distribuidora,900199499-0,66.4,media,Realizar validación del establecimiento.,"[""A2""]"
choco_entity_055,choco_quibdo,Quibdó,Depósito El Porvenir Quibdó,5.693357,-76.660998,ACTIVO,"Avenida 25 #14-56, Barrio Kennedy, Quibdó",Alta,Pequeña,85.9,88.3,Alta,+573054245750,Chocó,null,A1,Deposito,901106039-1,81.3,alta,Priorizar activación comercial.,"[""A1"",""A2"",""A3""]"
choco_entity_056,choco_quibdo,Quibdó,Ferre-Eléctricos El Baudó,5.707356,-76.667598,ACTIVO,"Transversal 19 #28-39, Quibdó",Alta,Pequeña,92.2,99.1,Alta,+573227547370,Chocó,https://directorio-mock.ferromap.co/choco/quibdo/056,A1,Ferreteria,901105526-2,79.4,alta,Priorizar visita comercial.,"[""A1"",""A2""]"
choco_entity_057,choco_quibdo,Quibdó,Ferretería Perea,5.706057,-76.669783,ACTIVO,"Carrera 8 #18-18, Quibdó",Alta,Mediana,87.2,99.4,Alta,+573107748487,Chocó,https://directorio-mock.ferromap.co/choco/quibdo/057,A1,Ferreteria,901871484-6,45.5,media,Fortalecer cobertura comercial.,"[""A1"",""A2""]"
choco_entity_058,choco_quibdo,Quibdó,Distribuciones El Martillo Quibdó,5.68761,-76.652582,ACTIVO,"Carrera 2 #15-54, Barrio Roma, Quibdó",Alta,Grande,78.9,82.0,Media,+573126926261,Chocó,https://directorio-mock.ferromap.co/choco/quibdo/058,A2,Distribuidora,901769599-9,75.7,alta,Priorizar activación comercial.,"[""A1"",""A2""]"
choco_entity_059,choco_quibdo,Quibdó,Distribuciones La Primavera,5.704868,-76.650523,VALIDAR,"Avenida 20 #17-23, Quibdó",Alta,Pequeña,33.3,47.0,Baja,+573172502787,Chocó,null,A3,Distribuidora,901852736-6,21.3,baja,Realizar validación del establecimiento.,"[""A1"",""A3""]"
choco_entity_060,choco_quibdo,Quibdó,Ferretería Los Hermanos Quibdó,5.69781,-76.657011,ACTIVO,"Avenida 1 #3-4, Quibdó",Alta,Grande,60.6,73.3,Media,+573247450320,Chocó,null,A3,Ferreteria,901229801-6,46.9,media,Fortalecer cobertura comercial.,"[""A1"",""A2"",""A3""]"
choco_entity_061,choco_quibdo,Quibdó,Depósito El Maestro,5.696074,-76.653092,VALIDAR,"Transversal 31 #7-39, Quibdó",Alta,Grande,41.1,30.1,Baja,+573511586933,Chocó,null,A3,Deposito,900588440-6,61.8,media,Verificar información del punto.,"[""A2"",""A3""]"
choco_entity_062,choco_quibdo,Quibdó,Distribuciones Los Hermanos,5.693113,-76.655788,ACTIVO,"Carrera 30 #16-54, Quibdó",Alta,Grande,93.8,94.6,Alta,+573167259391,Chocó,https://directorio-mock.ferromap.co/choco/quibdo/062,A1,Distribuidora,901825610-2,67.3,media,Realizar seguimiento comercial.,"[""A1"",""A2"",""A3""]"
choco_entity_063,choco_quibdo,Quibdó,Ferretería Industrial La Frontera,5.69986,-76.658292,ACTIVO,"Carrera 27 #28-28, Quibdó",Alta,Pequeña,92.0,99.3,Alta,+573126762811,Chocó,https://directorio-mock.ferromap.co/choco/quibdo/063,A2,Ferreteria,900392357-1,75.5,alta,Priorizar visita comercial.,"[""A2""]"
choco_entity_064,choco_quibdo,Quibdó,Ferre-Eléctricos La Victoria,5.701583,-76.653177,ACTIVO,"Avenida 12 #7-9, Quibdó",Alta,Mediana,98.7,95.8,Alta,+573052408595,Chocó,null,A3,Ferreteria,900658955-8,58.9,media,Realizar seguimiento comercial.,"[""A1"",""A3""]"
choco_entity_065,choco_quibdo,Quibdó,Materiales San Martín,5.712814,-76.655358,ACTIVO,"Carrera 31 #3-19, Quibdó",Alta,Pequeña,87.8,95.2,Alta,+573248085812,Chocó,https://directorio-mock.ferromap.co/choco/quibdo/065,A3,Deposito,900331466-3,63.6,media,Fortalecer cobertura comercial.,"[""A3""]"
choco_entity_066,choco_quibdo,Quibdó,Materiales Perea,5.690848,-76.661673,VALIDAR,"Carrera 20 #30-3, Barrio Centro, Quibdó",Alta,Pequeña,52.2,39.6,Baja,+573154449751,Chocó,null,A3,Deposito,900425976-2,61.8,media,Verificar información del punto.,"[""A3""]"
choco_entity_067,choco_quibdo,Quibdó,Ferretería y Pinturas El Obrero,5.694582,-76.649936,ACTIVO,"Avenida 30 #18-41, Quibdó",Alta,Mediana,76.9,66.4,Media,+573204612823,Chocó,https://directorio-mock.ferromap.co/choco/quibdo/067,A1,Ferreteria,900934751-6,74.3,alta,Priorizar activación comercial.,"[""A1"",""A3""]"
choco_entity_068,choco_quibdo,Quibdó,Comercializadora Chocó Construye,5.691668,-76.654807,VALIDAR,"Transversal 8 #28-26, Barrio Centro, Quibdó",Alta,Pequeña,64.7,61.9,Media,+573117002710,Chocó,https://directorio-mock.ferromap.co/choco/quibdo/068,A3,Distribuidora,900831365-3,47.8,media,Realizar validación del establecimiento.,"[""A2"",""A3""]"
choco_entity_069,choco_quibdo,Quibdó,Ferre-Eléctricos La Garza,5.684575,-76.656092,ACTIVO,"Carrera 26 #15-30, Barrio Jardín, Quibdó",Alta,Mediana,38.0,35.5,Baja,+573226444906,Chocó,null,A2,Ferreteria,901499808-4,84.2,alta,Priorizar activación comercial.,"[""A2""]"
choco_entity_070,choco_quibdo,Quibdó,Depósito de Materiales El Sol,5.698289,-76.65614,VALIDAR,"Avenida 12 #1-22, Barrio Cristo Rey, Quibdó",Alta,Mediana,53.5,35.3,Baja,+573205937571,Chocó,null,A3,Deposito,901020704-0,60.6,media,Realizar validación del establecimiento.,"[""A1"",""A3""]"
choco_entity_071,choco_quibdo,Quibdó,Ferretería y Pinturas El Tornillo Feliz Quibdó,5.690816,-76.652369,ACTIVO,"Transversal 26 #26-10, Quibdó",Alta,Mediana,82.1,76.2,Media,+573208758025,Chocó,null,A1,Ferreteria,900963679-7,44.1,media,Fortalecer cobertura comercial.,"[""A1""]"
choco_entity_072,choco_quibdo,Quibdó,Ferre-Eléctricos Construyamos,5.697242,-76.663026,ACTIVO,"Transversal 19 #24-15, Quibdó",Alta,Mediana,83.4,75.3,Media,+573517035945,Chocó,https://directorio-mock.ferromap.co/choco/quibdo/072,A2,Ferreteria,901780788-9,99.5,alta,Priorizar activación comercial.,"[""A2""]"
choco_entity_073,choco_quibdo,Quibdó,Ferretería La Bendición,5.689707,-76.6592,ACTIVO,"Calle 22 #12-38, Quibdó",Alta,Pequeña,76.1,70.0,Media,+573055277126,Chocó,null,A2,Ferreteria,900725174-1,59.5,media,Realizar seguimiento comercial.,"[""A2"",""A3""]"
choco_entity_074,choco_quibdo,Quibdó,Materiales Cuesta,5.692668,-76.658868,VALIDAR,"Avenida 7 #18-16, Quibdó",Alta,Mediana,69.0,76.1,Media,+573511475161,Chocó,null,A3,Deposito,901160244-4,52.2,media,Verificar información del punto.,"[""A3""]"
choco_entity_075,choco_quibdo,Quibdó,Ferre-Eléctricos Los Andes,5.703786,-76.66888,ACTIVO,"Calle 23 #25-60, Quibdó",Alta,Pequeña,67.1,70.0,Media,+573182352509,Chocó,null,A1,Ferreteria,901235453-0,68.9,media,Fortalecer cobertura comercial.,"[""A1"",""A2""]"
choco_entity_076,choco_quibdo,Quibdó,Ferretería Punta Brava,5.694099,-76.649667,ACTIVO,"Transversal 6 #15-34, Barrio Niño Jesús, Quibdó",Alta,Mediana,88.0,89.6,Alta,+573102674371,Chocó,https://directorio-mock.ferromap.co/choco/quibdo/076,A2,Ferreteria,900454445-7,99.5,alta,Priorizar visita comercial.,"[""A2""]"
choco_entity_077,choco_quibdo,Quibdó,Depósito La Selva,5.702413,-76.6448,VALIDAR,"Calle 4 #29-15, Quibdó",Alta,Pequeña,84.6,68.6,Media,+573207739039,Chocó,https://directorio-mock.ferromap.co/choco/quibdo/077,A3,Deposito,900393114-1,71.5,alta,Verificar información del punto.,"[""A3""]"
choco_entity_078,choco_quibdo,Quibdó,Ferre-Eléctricos San José Quibdó,5.679372,-76.661499,ACTIVO,"Calle 9 #28-24, Quibdó",Alta,Pequeña,63.7,73.1,Media,+573008897487,Chocó,https://directorio-mock.ferromap.co/choco/quibdo/078,A1,Ferreteria,901534836-0,67.0,media,Fortalecer cobertura comercial.,"[""A1"",""A3""]"
choco_entity_079,choco_quibdo,Quibdó,Ferretería Industrial El Sol,5.691628,-76.652657,ACTIVO,"Carrera 4 #15-53, Quibdó",Alta,Pequeña,30.3,47.9,Baja,+573248633756,Chocó,null,A3,Ferreteria,901545824-1,51.7,media,Fortalecer cobertura comercial.,"[""A3""]"
choco_entity_080,choco_quibdo,Quibdó,Depósito de Materiales La Frontera,5.704508,-76.671406,ACTIVO,"Calle 32 #26-18, Quibdó",Alta,Grande,63.0,72.5,Media,+573500460396,Chocó,null,A3,Deposito,900587917-2,70.4,alta,Priorizar visita comercial.,"[""A1"",""A3""]"
choco_entity_081,choco_quibdo,Quibdó,Ferretería Industrial El Tornillo Feliz,5.700855,-76.671809,VALIDAR,"Transversal 10 #9-43, Quibdó",Alta,Pequeña,53.8,36.6,Baja,+573217175792,Chocó,null,A1,Ferreteria,900461251-4,75.6,alta,Verificar información del punto.,"[""A1""]"
choco_entity_082,choco_quibdo,Quibdó,Ferre-Eléctricos Hermanos Córdoba Quibdó,5.696284,-76.647484,ACTIVO,"Carrera 21 #7-46, Quibdó",Alta,Mediana,40.7,41.2,Baja,+573018147017,Chocó,null,A3,Ferreteria,900306152-0,65.6,media,Realizar seguimiento comercial.,"[""A3""]"
choco_entity_083,choco_quibdo,Quibdó,Ferretería Industrial La Palma Quibdó,5.693355,-76.65657,VALIDAR,"Calle 5 #5-47, Barrio Roma, Quibdó",Alta,Pequeña,79.0,76.8,Media,+573159717613,Chocó,null,A1,Ferreteria,900508213-9,91.1,alta,Verificar información del punto.,"[""A1"",""A2""]"
choco_entity_084,choco_quibdo,Quibdó,Ferretería Chocó Construye Quibdó,5.701881,-76.65702,VALIDAR,"Carrera 8 #16-54, Quibdó",Alta,Mediana,70.0,63.8,Media,+573185511590,Chocó,null,A3,Ferreteria,900104066-8,37.7,baja,Realizar validación del establecimiento.,"[""A3""]"
choco_entity_085,choco_quibdo,Quibdó,Ferretería y Pinturas El Tornillo Feliz,5.693903,-76.644418,ACTIVO,"Calle 26 #22-17, Quibdó",Alta,Pequeña,82.0,70.2,Media,+573002509696,Chocó,https://directorio-mock.ferromap.co/choco/quibdo/085,A3,Ferreteria,901640848-2,32.9,baja,Mantener seguimiento de la cuenta.,"[""A1"",""A2"",""A3""]"
choco_entity_086,choco_quibdo,Quibdó,Ferretería y Pinturas Villa Hermosa Quibdó,5.704146,-76.66096,VALIDAR,"Calle 9 #9-7, Barrio San Vicente, Quibdó",Alta,Mediana,42.0,45.9,Baja,+573048582083,Chocó,null,A3,Ferreteria,900647036-7,37.8,baja,Realizar validación del establecimiento.,"[""A3""]"
choco_entity_087,choco_quibdo,Quibdó,Ferre-Eléctricos Perea Quibdó,5.70294,-76.660706,ACTIVO,"Carrera 4 #3-22, Quibdó",Alta,Pequeña,72.4,62.0,Media,+573501599668,Chocó,null,A3,Ferreteria,901509348-2,85.1,alta,Priorizar visita comercial.,"[""A3""]"
choco_entity_088,choco_quibdo,Quibdó,Comercializadora San Francisco,5.695892,-76.651917,ACTIVO,"Carrera 19 #10-43, Quibdó",Alta,Mediana,91.5,94.3,Alta,+573204015126,Chocó,null,A1,Distribuidora,901036529-8,48.6,media,Realizar seguimiento comercial.,"[""A1""]"
choco_entity_089,choco_quibdo,Quibdó,Ferretería El Progreso,5.696702,-76.652518,INACTIVO,"Calle 7 #1-33, Barrio Medrano, Quibdó",Alta,Mediana,31.0,37.7,Baja,+573220577193,Chocó,null,A3,Ferreteria,900870254-0,67.8,media,Verificar continuidad operativa del establecimiento.,"[""A2"",""A3""]"
choco_entity_090,choco_quibdo,Quibdó,Distribuciones San José Quibdó,5.68094,-76.671967,ACTIVO,"Calle 29 #8-3, Barrio Cristo Rey, Quibdó",Alta,Mediana,87.6,92.4,Alta,+573139059102,Chocó,https://directorio-mock.ferromap.co/choco/quibdo/090,A1,Distribuidora,901286956-1,48.7,media,Realizar seguimiento comercial.,"[""A1"",""A2""]"
choco_entity_091,choco_quibdo,Quibdó,Distribuidora San Francisco Quibdó,5.70024,-76.66702,ACTIVO,"Carrera 2 #7-13, Quibdó",Alta,Grande,81.6,61.7,Media,+573051039515,Chocó,null,A3,Distribuidora,900315926-2,75.9,alta,Priorizar visita comercial.,"[""A2"",""A3""]"
choco_entity_092,choco_quibdo,Quibdó,Comercializadora La Selva,5.685451,-76.67161,ACTIVO,"Calle 2 #17-51, Barrio Zona Minera, Quibdó",Alta,Pequeña,70.1,72.9,Media,+573114753972,Chocó,null,A3,Distribuidora,901538349-3,47.4,media,Realizar seguimiento comercial.,"[""A1"",""A3""]"
choco_entity_093,choco_quibdo,Quibdó,Ferretería Industrial La Selva,5.706109,-76.651541,INACTIVO,"Carrera 24 #3-11, Quibdó",Alta,Pequeña,80.5,67.1,Media,+573229362238,Chocó,https://directorio-mock.ferromap.co/choco/quibdo/093,A2,Ferreteria,900150841-5,99.2,alta,Evaluar reactivación del punto comercial.,"[""A1"",""A2""]"
choco_entity_094,choco_quibdo,Quibdó,Ferretería y Pinturas Hermanos Córdoba Quibdó,5.707971,-76.66679,ACTIVO,"Transversal 2 #7-36, Quibdó",Alta,Pequeña,67.7,65.4,Media,+573514763719,Chocó,null,A3,Ferreteria,900938239-4,31.7,baja,Mantener seguimiento de la cuenta.,"[""A3""]"
choco_entity_095,choco_quibdo,Quibdó,Ferretería Industrial Hermanos Córdoba,5.694709,-76.668624,VALIDAR,"Calle 23 #15-11, Quibdó",Alta,Pequeña,76.6,68.7,Media,+573046943137,Chocó,null,A1,Ferreteria,900317726-5,83.7,alta,Verificar información del punto.,"[""A1""]"
choco_entity_096,choco_quibdo,Quibdó,Depósito de Materiales El Cemento,5.701601,-76.64391,ACTIVO,"Avenida 29 #14-38, Barrio Cristo Rey, Quibdó",Alta,Mediana,94.0,96.5,Alta,+573015023265,Chocó,https://directorio-mock.ferromap.co/choco/quibdo/096,A1,Deposito,901259444-8,76.1,alta,Priorizar activación comercial.,"[""A1""]"
choco_entity_097,choco_quibdo,Quibdó,Ferre-Eléctricos Asprilla Quibdó,5.68668,-76.644173,ACTIVO,"Carrera 7 #30-50, Barrio Pandeyuca, Quibdó",Alta,Pequeña,98.0,94.8,Alta,+573018454693,Chocó,https://directorio-mock.ferromap.co/choco/quibdo/097,A2,Ferreteria,901164973-3,78.6,alta,Priorizar visita comercial.,"[""A2"",""A3""]"
choco_entity_098,choco_quibdo,Quibdó,Materiales El Cemento,5.703601,-76.65991,VALIDAR,"Carrera 23 #14-47, Quibdó",Alta,Pequeña,47.4,46.8,Baja,+573220090410,Chocó,null,A3,Deposito,900624401-3,83.7,alta,Realizar validación del establecimiento.,"[""A3""]"
choco_entity_099,choco_quibdo,Quibdó,Depósito El Manantial Quibdó,5.693833,-76.663758,VALIDAR,"Carrera 11 #30-30, Barrio Roma, Quibdó",Alta,Grande,42.6,44.7,Baja,+573508788212,Chocó,null,A2,Deposito,901332516-1,87.0,alta,Realizar validación del establecimiento.,"[""A1"",""A2""]"
choco_entity_100,choco_quibdo,Quibdó,Comercializadora Los Andes,5.6983,-76.654588,ACTIVO,"Calle 31 #23-49, Quibdó",Alta,Grande,93.7,90.3,Alta,+573511992684,Chocó,https://directorio-mock.ferromap.co/choco/quibdo/100,A2,Distribuidora,901169794-4,43.0,media,Fortalecer cobertura comercial.,"[""A1"",""A2""]"
choco_entity_101,choco_quibdo,Quibdó,Materiales El Constructor,5.708196,-76.667536,ACTIVO,"Avenida 2 #27-21, Quibdó",Alta,Mediana,97.4,89.8,Alta,+573159647634,Chocó,https://directorio-mock.ferromap.co/choco/quibdo/101,A2,Deposito,900286165-9,53.9,media,Realizar seguimiento comercial.,"[""A2"",""A3""]"
choco_entity_102,choco_quibdo,Quibdó,Ferretería y Pinturas Construyamos,5.704936,-76.644834,INACTIVO,"Calle 21 #26-24, Quibdó",Alta,Mediana,63.9,74.2,Media,+573000954292,Chocó,https://directorio-mock.ferromap.co/choco/quibdo/102,A3,Ferreteria,901136180-0,70.5,alta,Evaluar reactivación del punto comercial.,"[""A3""]"
choco_entity_103,choco_quibdo,Quibdó,Depósito La Viga,5.707783,-76.659935,ACTIVO,"Avenida 21 #19-10, Quibdó",Alta,Mediana,86.4,90.0,Alta,+573155215443,Chocó,https://directorio-mock.ferromap.co/choco/quibdo/103,A3,Deposito,901418281-7,69.5,media,Fortalecer cobertura comercial.,"[""A3""]"
choco_entity_104,choco_quibdo,Quibdó,Depósito de Materiales Lozano Quibdó,5.687997,-76.649078,ACTIVO,"Avenida 15 #2-47, Quibdó",Alta,Mediana,96.6,91.8,Alta,+573115174455,Chocó,null,A3,Deposito,901353089-8,50.6,media,Realizar seguimiento comercial.,"[""A3""]"
choco_entity_105,choco_quibdo,Quibdó,Distribuciones Los Robles,5.695738,-76.657176,VALIDAR,"Transversal 5 #14-59, Quibdó",Alta,Pequeña,64.2,72.9,Media,+573205019881,Chocó,null,A2,Distribuidora,900793819-1,75.6,alta,Realizar validación del establecimiento.,"[""A2""]"
choco_entity_106,choco_quibdo,Quibdó,Ferre-Eléctricos El Puerto,5.707531,-76.660685,ACTIVO,"Carrera 32 #1-38, Barrio San Vicente, Quibdó",Alta,Pequeña,70.0,67.8,Media,+573057336216,Chocó,null,A2,Ferreteria,900725844-6,62.6,media,Fortalecer cobertura comercial.,"[""A2""]"
choco_entity_107,choco_quibdo,Quibdó,Ferretería Industrial Mi Tierra,5.677998,-76.650887,ACTIVO,"Carrera 21 #17-34, Quibdó",Alta,Mediana,99.6,97.8,Alta,+573236983689,Chocó,https://directorio-mock.ferromap.co/choco/quibdo/107,A1,Ferreteria,900482051-8,80.6,alta,Priorizar activación comercial.,"[""A1"",""A2"",""A3""]"
choco_entity_108,choco_quibdo,Quibdó,Ferre-Eléctricos El Chontaduro,5.697556,-76.663834,ACTIVO,"Avenida 1 #27-9, Quibdó",Alta,Mediana,99.2,92.9,Alta,+573167735542,Chocó,null,A3,Ferreteria,900892727-7,72.1,alta,Priorizar visita comercial.,"[""A1"",""A3""]"
choco_entity_109,choco_quibdo,Quibdó,Depósito La Palma Quibdó,5.694614,-76.650762,ACTIVO,"Carrera 15 #7-34, Quibdó",Alta,Pequeña,94.2,92.2,Alta,+573040388178,Chocó,https://directorio-mock.ferromap.co/choco/quibdo/109,A3,Deposito,900773412-2,57.7,media,Fortalecer cobertura comercial.,"[""A1"",""A3""]"
choco_entity_110,choco_quibdo,Quibdó,Depósito La Roca,5.695411,-76.64629,ACTIVO,"Calle 7 #24-37, Quibdó",Alta,Pequeña,88.9,88.6,Alta,+573232613034,Chocó,null,A1,Deposito,901051361-0,76.7,alta,Priorizar visita comercial.,"[""A1"",""A2"",""A3""]"
choco_entity_111,choco_quibdo,Quibdó,Ferretería La Ceiba Quibdó,5.694148,-76.648881,ACTIVO,"Carrera 15 #26-14, Barrio Niño Jesús, Quibdó",Alta,Mediana,93.9,88.7,Alta,+573229851612,Chocó,null,A3,Ferreteria,901424673-5,61.6,media,Fortalecer cobertura comercial.,"[""A3""]"
choco_entity_112,choco_quibdo,Quibdó,Ferretería Cuesta,5.708137,-76.643725,ACTIVO,"Carrera 10 #5-20, Quibdó",Alta,Pequeña,86.1,92.2,Alta,+573243803703,Chocó,https://directorio-mock.ferromap.co/choco/quibdo/112,A3,Ferreteria,900435934-6,95.2,alta,Priorizar activación comercial.,"[""A3""]"
choco_entity_113,choco_quibdo,Quibdó,Distribuciones Murillo,5.688648,-76.650334,ACTIVO,"Carrera 11 #25-9, Quibdó",Alta,Pequeña,88.4,96.3,Alta,+573132711671,Chocó,https://directorio-mock.ferromap.co/choco/quibdo/113,A3,Distribuidora,900990029-4,49.2,media,Fortalecer cobertura comercial.,"[""A3""]"
choco_entity_114,choco_quibdo,Quibdó,Ferre-Eléctricos El Cedro,5.677799,-76.668108,VALIDAR,"Calle 5 #26-21, Quibdó",Alta,Mediana,78.0,65.4,Media,+573025655623,Chocó,null,A1,Ferreteria,901138027-0,72.4,alta,Verificar información del punto.,"[""A1""]"
choco_entity_115,choco_istmina,Istmina,Depósito El Obrero,5.153942,-76.684868,ACTIVO,"Carrera 2 #27-40, Istmina",Alta,Pequeña,69.1,80.1,Media,+573163989233,Chocó,https://directorio-mock.ferromap.co/choco/istmina/115,A3,Deposito,901296616-5,66.2,media,Realizar seguimiento comercial.,"[""A2"",""A3""]"
choco_entity_116,choco_istmina,Istmina,Ferretería y Pinturas La Esperanza,5.159477,-76.684953,ACTIVO,"Carrera 13 #2-28, Barrio Centro, Istmina",Alta,Grande,33.8,38.2,Baja,+573224594684,Chocó,null,A1,Ferreteria,900749362-1,72.5,alta,Priorizar visita comercial.,"[""A1""]"
choco_entity_117,choco_istmina,Istmina,Distribuidora El Litoral,5.157351,-76.683551,ACTIVO,"Carrera 2 #26-2, Istmina",Alta,Grande,77.4,65.5,Media,+573180122137,Chocó,null,A3,Distribuidora,901217604-1,64.6,media,Fortalecer cobertura comercial.,"[""A1"",""A2"",""A3""]"
choco_entity_118,choco_istmina,Istmina,Distribuciones El Ladrillo,5.170036,-76.684563,ACTIVO,"Calle 2 #7-7, Istmina",Alta,Mediana,95.8,90.4,Alta,+573059495001,Chocó,https://directorio-mock.ferromap.co/choco/istmina/118,A3,Distribuidora,900409203-0,99.5,alta,Priorizar visita comercial.,"[""A2"",""A3""]"
choco_entity_119,choco_istmina,Istmina,Ferretería y Pinturas Santa Rita,5.163327,-76.679452,ACTIVO,"Calle 1 #25-10, Istmina",Alta,Mediana,83.2,62.1,Media,+573244349123,Chocó,null,A3,Ferreteria,900389230-2,65.5,media,Realizar seguimiento comercial.,"[""A2"",""A3""]"
choco_entity_120,choco_istmina,Istmina,Depósito Punta Brava Istmina,5.159446,-76.691533,ACTIVO,"Transversal 9 #9-45, Barrio San Agustín, Istmina",Alta,Mediana,61.0,61.9,Media,+573218212018,Chocó,null,A3,Deposito,901432010-6,30.4,baja,Mantener seguimiento de la cuenta.,"[""A2"",""A3""]"
choco_entity_121,choco_istmina,Istmina,Depósito de Materiales La Sagrada Familia,5.157543,-76.679061,ACTIVO,"Calle 7 #21-57, Barrio San Agustín, Istmina",Alta,Mediana,99.8,92.7,Alta,+573012055692,Chocó,https://directorio-mock.ferromap.co/choco/istmina/121,A2,Deposito,900168983-1,61.5,media,Realizar seguimiento comercial.,"[""A1"",""A2""]"
choco_entity_122,choco_istmina,Istmina,Ferretería La Fortaleza,5.151736,-76.687996,ACTIVO,"Carrera 6 #15-49, Istmina",Alta,Mediana,67.2,76.4,Media,+573500208119,Chocó,https://directorio-mock.ferromap.co/choco/istmina/122,A2,Ferreteria,900370813-2,61.2,media,Realizar seguimiento comercial.,"[""A1"",""A2""]"
choco_entity_123,choco_istmina,Istmina,Distribuidora Cuesta Istmina,5.165863,-76.680563,ACTIVO,"Carrera 12 #4-48, Barrio Cubis, Istmina",Alta,Mediana,95.4,97.6,Alta,+573509597145,Chocó,https://directorio-mock.ferromap.co/choco/istmina/123,A1,Distribuidora,901657876-3,40.5,media,Realizar seguimiento comercial.,"[""A1""]"
choco_entity_124,choco_istmina,Istmina,Ferretería La Frontera,5.160541,-76.680496,VALIDAR,"Carrera 1 #12-7, Istmina",Alta,Mediana,87.5,97.7,Alta,+573185722282,Chocó,https://directorio-mock.ferromap.co/choco/istmina/124,A3,Ferreteria,901017618-4,40.0,media,Verificar información del punto.,"[""A3""]"
choco_entity_125,choco_istmina,Istmina,Depósito La Palma,5.161384,-76.691102,ACTIVO,"Avenida 12 #22-31, Istmina",Alta,Mediana,88.6,93.0,Alta,+573006986458,Chocó,null,A2,Deposito,901841225-7,52.8,media,Fortalecer cobertura comercial.,"[""A2""]"
choco_entity_126,choco_istmina,Istmina,Depósito de Materiales La Garza,5.152174,-76.688215,INACTIVO,"Calle 1 #7-19, Istmina",Alta,Mediana,36.3,30.9,Baja,+573515388916,Chocó,null,A2,Deposito,900903002-5,57.9,media,Verificar continuidad operativa del establecimiento.,"[""A2""]"
choco_entity_127,choco_istmina,Istmina,Ferretería y Pinturas El Cedro,5.165412,-76.687823,ACTIVO,"Carrera 9 #24-12, Istmina",Alta,Pequeña,33.3,31.7,Baja,+573241894425,Chocó,null,A1,Ferreteria,900616786-1,78.5,alta,Priorizar activación comercial.,"[""A1"",""A2""]"
choco_entity_128,choco_istmina,Istmina,Ferretería y Pinturas El Chontaduro,5.155696,-76.688921,VALIDAR,"Calle 11 #18-54, Istmina",Alta,Grande,73.9,71.4,Media,+573223112394,Chocó,null,A2,Ferreteria,901698654-0,67.6,media,Verificar información del punto.,"[""A2"",""A3""]"
choco_entity_129,choco_istmina,Istmina,Ferre-Eléctricos La Esperanza,5.152346,-76.685427,ACTIVO,"Calle 11 #30-57, Barrio San Agustín, Istmina",Alta,Pequeña,94.6,90.9,Alta,+573502249744,Chocó,null,A3,Ferreteria,901738181-1,73.3,alta,Priorizar activación comercial.,"[""A2"",""A3""]"
choco_entity_130,choco_istmina,Istmina,Ferre-Eléctricos Perea,5.15422,-76.682854,ACTIVO,"Transversal 12 #28-50, Istmina",Alta,Mediana,87.4,88.5,Alta,+573159562316,Chocó,https://directorio-mock.ferromap.co/choco/istmina/130,A1,Ferreteria,901606970-1,59.2,media,Realizar seguimiento comercial.,"[""A1"",""A3""]"
choco_entity_131,choco_istmina,Istmina,Ferretería Hermanos Mosquera,5.157084,-76.695181,ACTIVO,"Calle 7 #23-29, Istmina",Alta,Pequeña,97.3,88.8,Alta,+573211902162,Chocó,https://directorio-mock.ferromap.co/choco/istmina/131,A1,Ferreteria,901605558-3,69.0,media,Realizar seguimiento comercial.,"[""A1"",""A3""]"
choco_entity_132,choco_istmina,Istmina,Depósito de Materiales Chocó Construye,5.164358,-76.686273,VALIDAR,"Transversal 5 #22-33, Barrio Pueblo Nuevo, Istmina",Alta,Mediana,97.7,97.4,Alta,+573005241311,Chocó,https://directorio-mock.ferromap.co/choco/istmina/132,A1,Deposito,900494747-7,79.9,alta,Verificar información del punto.,"[""A1"",""A3""]"
choco_entity_133,choco_istmina,Istmina,Ferretería Industrial El Litoral Istmina,5.162049,-76.687251,INACTIVO,"Calle 11 #23-47, Barrio Cubis, Istmina",Alta,Mediana,58.9,31.4,Baja,+573241665428,Chocó,null,A1,Ferreteria,901808432-6,47.3,media,Verificar continuidad operativa del establecimiento.,"[""A1""]"
choco_entity_134,choco_istmina,Istmina,Distribuciones El Martillo Istmina,5.164652,-76.680804,ACTIVO,"Calle 2 #1-18, Istmina",Alta,Mediana,69.8,76.6,Media,+573018025132,Chocó,null,A1,Distribuidora,901320531-0,86.9,alta,Priorizar activación comercial.,"[""A1""]"
choco_entity_135,choco_istmina,Istmina,Ferretería del Pacífico,5.164047,-76.683054,VALIDAR,"Carrera 1 #6-43, Barrio Centro, Istmina",Alta,Mediana,33.5,43.3,Baja,+573240085858,Chocó,null,A1,Ferreteria,901835295-8,71.5,alta,Verificar información del punto.,"[""A1""]"
choco_entity_136,choco_istmina,Istmina,Ferre-Eléctricos Río San Juan,5.1676,-76.681273,VALIDAR,"Calle 1 #19-54, Istmina",Alta,Pequeña,57.4,31.0,Baja,+573123769217,Chocó,https://directorio-mock.ferromap.co/choco/istmina/136,A2,Ferreteria,901514335-7,82.9,alta,Realizar validación del establecimiento.,"[""A2""]"
choco_entity_137,choco_istmina,Istmina,Ferre-Eléctricos Murillo,5.162902,-76.695939,VALIDAR,"Calle 2 #15-11, Istmina",Alta,Mediana,61.9,71.1,Media,+573504227078,Chocó,null,A3,Ferreteria,901059108-1,32.4,baja,Verificar información del punto.,"[""A1"",""A3""]"
choco_entity_138,choco_istmina,Istmina,Ferre-Eléctricos La Bendición Istmina,5.165273,-76.677801,VALIDAR,"Calle 1 #8-44, Istmina",Alta,Pequeña,43.0,44.0,Baja,+573164595903,Chocó,https://directorio-mock.ferromap.co/choco/istmina/138,A3,Ferreteria,900600245-7,68.8,media,Verificar información del punto.,"[""A3""]"
choco_entity_139,choco_istmina,Istmina,Ferretería Industrial Cuesta,5.158919,-76.68731,ACTIVO,"Carrera 4 #1-4, Barrio Santa Genoveva, Istmina",Alta,Pequeña,81.3,73.2,Media,+573045544403,Chocó,null,A3,Ferreteria,901463858-7,31.3,baja,Mantener seguimiento de la cuenta.,"[""A2"",""A3""]"
choco_entity_140,choco_istmina,Istmina,Ferretería Industrial La Unión,5.155562,-76.681114,VALIDAR,"Calle 2 #25-4, Barrio San Agustín, Istmina",Alta,Pequeña,44.6,44.3,Baja,+573148308129,Chocó,null,A2,Ferreteria,901436279-8,38.0,baja,Verificar información del punto.,"[""A2""]"
choco_entity_141,choco_istmina,Istmina,Ferre-Eléctricos Casa Nueva Istmina,5.170542,-76.685443,ACTIVO,"Carrera 11 #21-49, Istmina",Alta,Mediana,97.3,91.6,Alta,+573050903532,Chocó,https://directorio-mock.ferromap.co/choco/istmina/141,A1,Ferreteria,900439420-0,95.9,alta,Priorizar activación comercial.,"[""A1""]"
choco_entity_142,choco_istmina,Istmina,Depósito de Materiales La Bendición,5.163488,-76.679976,ACTIVO,"Avenida 4 #12-20, Istmina",Alta,Mediana,91.4,90.9,Alta,+573139431386,Chocó,null,A2,Deposito,900302690-3,66.5,media,Fortalecer cobertura comercial.,"[""A1"",""A2""]"
choco_entity_143,choco_istmina,Istmina,Depósito Los Robles,5.155678,-76.685276,ACTIVO,"Carrera 4 #14-60, Barrio Centro, Istmina",Alta,Pequeña,67.1,84.8,Media,+573145797945,Chocó,https://directorio-mock.ferromap.co/choco/istmina/143,A2,Deposito,901644564-4,65.8,media,Realizar seguimiento comercial.,"[""A1"",""A2""]"
choco_entity_144,choco_istmina,Istmina,Distribuidora del Pacífico,5.162059,-76.680388,ACTIVO,"Carrera 2 #24-51, Istmina",Alta,Mediana,89.5,93.5,Alta,+573210797295,Chocó,null,A1,Distribuidora,901434940-1,73.9,alta,Priorizar activación comercial.,"[""A1""]"
choco_entity_145,choco_istmina,Istmina,Distribuciones El Sol,5.160316,-76.685844,ACTIVO,"Transversal 1 #29-6, Barrio Centro, Istmina",Alta,Mediana,62.9,84.7,Media,+573107051127,Chocó,https://directorio-mock.ferromap.co/choco/istmina/145,A2,Distribuidora,901737345-8,95.5,alta,Priorizar activación comercial.,"[""A2""]"
choco_entity_146,choco_istmina,Istmina,Distribuciones La Garza,5.155091,-76.686719,ACTIVO,"Transversal 4 #20-17, Istmina",Alta,Mediana,97.5,94.0,Alta,+573221023683,Chocó,https://directorio-mock.ferromap.co/choco/istmina/146,A3,Distribuidora,900613605-1,46.7,media,Fortalecer cobertura comercial.,"[""A3""]"
choco_entity_147,choco_istmina,Istmina,Depósito Cuesta Istmina,5.165247,-76.684256,ACTIVO,"Calle 1 #14-25, Istmina",Alta,Pequeña,68.6,82.4,Media,+573513713755,Chocó,https://directorio-mock.ferromap.co/choco/istmina/147,A2,Deposito,901671898-3,64.2,media,Realizar seguimiento comercial.,"[""A1"",""A2""]"
choco_entity_148,choco_istmina,Istmina,Depósito La Nueva Istmina,5.155959,-76.689299,ACTIVO,"Carrera 10 #10-31, Istmina",Alta,Grande,60.2,75.0,Media,+573141709986,Chocó,null,A1,Deposito,901251522-8,71.4,alta,Priorizar visita comercial.,"[""A1""]"
choco_entity_149,choco_istmina,Istmina,Distribuciones Hermanos Palacios Istmina,5.163808,-76.682231,INACTIVO,"Calle 3 #4-46, Istmina",Alta,Mediana,75.7,84.2,Media,+573019123683,Chocó,https://directorio-mock.ferromap.co/choco/istmina/149,A1,Distribuidora,901188059-1,63.1,media,Verificar continuidad operativa del establecimiento.,"[""A1"",""A2"",""A3""]"
choco_entity_150,choco_condoto,Condoto,Distribuciones La Ceiba,5.098596,-76.647941,ACTIVO,"Carrera 4 #20-7, Barrio Centro, Condoto",Media,Mediana,99.6,89.8,Alta,+573518026068,Chocó,https://directorio-mock.ferromap.co/choco/condoto/150,A2,Distribuidora,901349441-2,40.2,media,Fortalecer cobertura comercial.,"[""A2""]"
choco_entity_151,choco_condoto,Condoto,Depósito de Materiales El Arquitecto Condoto,5.091424,-76.647552,ACTIVO,"Transversal 12 #12-42, Barrio El Silencio, Condoto",Media,Mediana,71.4,69.4,Media,+573055375932,Chocó,https://directorio-mock.ferromap.co/choco/condoto/151,A1,Deposito,901566599-7,81.6,alta,Priorizar activación comercial.,"[""A1"",""A2""]"
choco_entity_152,choco_condoto,Condoto,Distribuidora Mi Tierra,5.09303,-76.652586,VALIDAR,"Calle 1 #26-32, Barrio La Playita, Condoto",Media,Pequeña,65.6,67.7,Media,+573146860738,Chocó,null,A2,Distribuidora,900896927-1,54.4,media,Realizar validación del establecimiento.,"[""A2""]"
choco_entity_153,choco_condoto,Condoto,Ferretería Industrial Villa Hermosa,5.085957,-76.652439,ACTIVO,"Carrera 4 #25-40, Barrio Centro, Condoto",Media,Pequeña,64.7,79.4,Media,+573115955177,Chocó,null,A3,Ferreteria,901772277-3,78.1,alta,Priorizar visita comercial.,"[""A3""]"
choco_entity_154,choco_condoto,Condoto,Depósito El Cemento,5.092893,-76.648946,ACTIVO,"Avenida 8 #22-26, Condoto",Media,Mediana,88.0,88.8,Alta,+573020873199,Chocó,https://directorio-mock.ferromap.co/choco/condoto/154,A3,Deposito,901618814-0,57.2,media,Realizar seguimiento comercial.,"[""A3""]"
choco_entity_155,choco_condoto,Condoto,Ferretería El Constructor Condoto,5.090068,-76.653705,ACTIVO,"Calle 2 #17-35, Condoto",Media,Pequeña,61.7,74.5,Media,+573052752504,Chocó,https://directorio-mock.ferromap.co/choco/condoto/155,A1,Ferreteria,900857389-2,36.7,baja,Mantener seguimiento de la cuenta.,"[""A1"",""A2""]"
choco_entity_156,choco_condoto,Condoto,Depósito El Cemento Condoto,5.08681,-76.65523,ACTIVO,"Carrera 4 #12-30, Condoto",Media,Mediana,86.7,95.7,Alta,+573210901347,Chocó,https://directorio-mock.ferromap.co/choco/condoto/156,A2,Deposito,900109355-4,54.9,media,Fortalecer cobertura comercial.,"[""A1"",""A2"",""A3""]"
choco_entity_157,choco_condoto,Condoto,Ferretería y Pinturas del Pacífico,5.098674,-76.645633,VALIDAR,"Carrera 5 #1-57, Condoto",Media,Mediana,82.7,72.0,Media,+573177482633,Chocó,https://directorio-mock.ferromap.co/choco/condoto/157,A1,Ferreteria,901313095-1,54.2,media,Verificar información del punto.,"[""A1"",""A2""]"
choco_entity_158,choco_condoto,Condoto,Ferretería Industrial Los Hermanos,5.099157,-76.646369,ACTIVO,"Carrera 13 #18-41, Condoto",Media,Pequeña,45.2,41.8,Baja,+573023998512,Chocó,null,A2,Ferreteria,900627060-9,55.9,media,Realizar seguimiento comercial.,"[""A1"",""A2""]"
choco_entity_159,choco_condoto,Condoto,Depósito de Materiales Casa Nueva,5.088129,-76.648628,VALIDAR,"Avenida 9 #19-3, Barrio Centro, Condoto",Media,Mediana,43.3,40.6,Baja,+573057495919,Chocó,https://directorio-mock.ferromap.co/choco/condoto/159,A2,Deposito,901801100-4,55.0,media,Verificar información del punto.,"[""A2""]"
choco_entity_160,choco_condoto,Condoto,Comercializadora Nuestra Señora,5.091459,-76.647551,VALIDAR,"Calle 7 #3-42, Barrio El Silencio, Condoto",Media,Mediana,76.7,62.5,Media,+573225585599,Chocó,null,A3,Distribuidora,900442053-1,39.3,baja,Verificar información del punto.,"[""A1"",""A3""]"
choco_entity_161,choco_condoto,Condoto,Ferretería La Sagrada Familia,5.088721,-76.650211,ACTIVO,"Calle 7 #13-16, Condoto",Media,Mediana,82.1,67.0,Media,+573128258815,Chocó,null,A3,Ferreteria,901636511-0,70.2,alta,Priorizar activación comercial.,"[""A1"",""A3""]"
choco_entity_162,choco_condoto,Condoto,Ferre-Eléctricos La Victoria Condoto,5.093578,-76.648151,VALIDAR,"Transversal 14 #7-52, Barrio La Playita, Condoto",Media,Grande,72.1,75.4,Media,+573202871040,Chocó,null,A2,Ferreteria,901469985-1,48.7,media,Realizar validación del establecimiento.,"[""A2""]"
choco_entity_163,choco_condoto,Condoto,Ferre-Eléctricos El Martillo,5.094313,-76.648841,INACTIVO,"Avenida 7 #12-6, Barrio El Silencio, Condoto",Media,Pequeña,96.8,91.8,Alta,+573508928198,Chocó,https://directorio-mock.ferromap.co/choco/condoto/163,A3,Ferreteria,901431108-4,34.4,baja,Evaluar reactivación del punto comercial.,"[""A3""]"
choco_entity_164,choco_condoto,Condoto,Materiales El Paisa,5.090373,-76.646456,VALIDAR,"Calle 3 #20-54, Condoto",Media,Grande,31.4,50.6,Baja,+573503536303,Chocó,null,A2,Deposito,901357993-1,62.5,media,Verificar información del punto.,"[""A2"",""A3""]"
choco_entity_165,choco_condoto,Condoto,Ferretería La Viga,5.091902,-76.653096,VALIDAR,"Carrera 4 #10-28, Condoto",Media,Pequeña,41.2,41.5,Baja,+573055800208,Chocó,null,A2,Ferreteria,900961950-1,50.9,media,Realizar validación del establecimiento.,"[""A1"",""A2""]"
choco_entity_166,choco_condoto,Condoto,Ferretería La 20 Condoto,5.089137,-76.649701,INACTIVO,"Transversal 13 #2-40, Barrio Pueblo Nuevo, Condoto",Media,Pequeña,38.1,42.1,Baja,+573141633398,Chocó,null,A2,Ferreteria,900266265-1,82.9,alta,Verificar continuidad operativa del establecimiento.,"[""A2""]"
choco_entity_167,choco_condoto,Condoto,Ferretería El Martillo,5.091251,-76.649055,ACTIVO,"Calle 3 #20-27, Barrio Centro, Condoto",Media,Grande,82.5,64.6,Media,+573230934479,Chocó,null,A2,Ferreteria,900749096-7,67.2,media,Realizar seguimiento comercial.,"[""A1"",""A2"",""A3""]"
choco_entity_168,choco_condoto,Condoto,Depósito San Francisco,5.091698,-76.648977,ACTIVO,"Transversal 3 #17-58, Condoto",Media,Grande,72.5,75.4,Media,+573240877624,Chocó,null,A3,Deposito,900126891-2,79.7,alta,Priorizar visita comercial.,"[""A3""]"
choco_entity_169,choco_condoto,Condoto,Distribuidora La Selva,5.09115,-76.654874,ACTIVO,"Avenida 13 #19-5, Barrio Pueblo Nuevo, Condoto",Media,Mediana,76.4,62.5,Media,+573042194620,Chocó,null,A3,Distribuidora,900842203-6,20.1,baja,Mantener seguimiento de la cuenta.,"[""A3""]"
choco_entity_170,choco_condoto,Condoto,Ferretería San José,5.093425,-76.645368,ACTIVO,"Carrera 9 #21-9, Condoto",Media,Mediana,62.4,78.2,Media,+573233027516,Chocó,null,A1,Ferreteria,901353031-1,37.8,baja,Mantener seguimiento de la cuenta.,"[""A1"",""A2"",""A3""]"
choco_entity_171,choco_condoto,Condoto,Depósito El Porvenir,5.09348,-76.650478,ACTIVO,"Carrera 9 #7-54, Condoto",Media,Grande,64.0,72.1,Media,+573127243496,Chocó,https://directorio-mock.ferromap.co/choco/condoto/171,A3,Deposito,900374258-2,78.4,alta,Priorizar visita comercial.,"[""A2"",""A3""]"
choco_entity_172,choco_condoto,Condoto,Depósito de Materiales El Progreso,5.093528,-76.65367,ACTIVO,"Transversal 7 #23-50, Condoto",Media,Pequeña,96.4,89.6,Alta,+573242256840,Chocó,null,A1,Deposito,900187053-8,54.0,media,Fortalecer cobertura comercial.,"[""A1""]"
choco_entity_173,choco_condoto,Condoto,Ferre-Eléctricos La Esperanza Condoto,5.083935,-76.649455,ACTIVO,"Calle 6 #14-4, Condoto",Media,Mediana,85.5,88.4,Alta,+573228290528,Chocó,null,A1,Ferreteria,900652636-6,84.3,alta,Priorizar visita comercial.,"[""A1"",""A2""]"
choco_entity_174,choco_condoto,Condoto,Ferretería Industrial El Chontaduro,5.08789,-76.646658,INACTIVO,"Calle 5 #10-11, Condoto",Media,Mediana,74.0,66.3,Media,+573227938618,Chocó,null,A1,Ferreteria,900899468-6,52.1,media,Verificar continuidad operativa del establecimiento.,"[""A1"",""A3""]"
choco_entity_175,choco_condoto,Condoto,Materiales La 10,5.087443,-76.643212,ACTIVO,"Avenida 12 #13-26, Barrio Centro, Condoto",Media,Mediana,82.2,67.3,Media,+573236878951,Chocó,null,A2,Deposito,900480662-9,70.6,alta,Priorizar visita comercial.,"[""A1"",""A2"",""A3""]"
choco_entity_176,choco_condoto,Condoto,Ferretería La Primavera,5.090137,-76.65533,INACTIVO,"Calle 7 #1-41, Barrio El Silencio, Condoto",Media,Grande,45.4,48.6,Baja,+573239683198,Chocó,null,A2,Ferreteria,900985960-7,23.5,baja,Evaluar reactivación del punto comercial.,"[""A2""]"
choco_entity_177,choco_condoto,Condoto,Ferre-Eléctricos Cuesta,5.088574,-76.647558,INACTIVO,"Transversal 13 #22-7, Condoto",Media,Mediana,66.9,60.6,Media,+573119414061,Chocó,null,A1,Ferreteria,900832874-5,16.3,baja,Verificar continuidad operativa del establecimiento.,"[""A1""]"
choco_entity_178,choco_tado,Tadó,Depósito de Materiales La Ceiba Tadó,5.267035,-76.561273,INACTIVO,"Carrera 3 #24-22, Tadó",Media,Grande,69.1,70.2,Media,+573204389138,Chocó,https://directorio-mock.ferromap.co/choco/tado/178,A2,Deposito,900188894-1,21.4,baja,Verificar continuidad operativa del establecimiento.,"[""A2""]"
choco_entity_179,choco_tado,Tadó,Ferretería y Pinturas Villa Hermosa Tadó,5.271076,-76.559095,INACTIVO,"Calle 14 #28-34, Tadó",Media,Pequeña,88.6,94.8,Alta,+573019222584,Chocó,null,A1,Ferreteria,900272272-8,40.8,media,Evaluar reactivación del punto comercial.,"[""A1""]"
choco_entity_180,choco_tado,Tadó,Distribuciones Santa Rita,5.264914,-76.559546,ACTIVO,"Avenida 1 #13-32, Tadó",Media,Mediana,96.7,93.0,Alta,+573158274090,Chocó,https://directorio-mock.ferromap.co/choco/tado/180,A1,Distribuidora,901386747-8,53.2,media,Realizar seguimiento comercial.,"[""A1"",""A2""]"
choco_entity_181,choco_tado,Tadó,Ferretería La Ceiba,5.271776,-76.558006,ACTIVO,"Calle 12 #23-3, Tadó",Media,Mediana,77.1,82.8,Media,+573002979297,Chocó,https://directorio-mock.ferromap.co/choco/tado/181,A1,Ferreteria,900260290-9,30.9,baja,Mantener seguimiento de la cuenta.,"[""A1"",""A2""]"
choco_entity_182,choco_tado,Tadó,Ferretería Industrial Casa Nueva,5.269192,-76.566453,ACTIVO,"Calle 1 #30-19, Tadó",Media,Pequeña,61.4,77.1,Media,+573506137975,Chocó,null,A3,Ferreteria,900769816-9,75.7,alta,Priorizar activación comercial.,"[""A3""]"
choco_entity_183,choco_tado,Tadó,Ferretería Industrial El Pilar,5.264392,-76.558999,VALIDAR,"Calle 10 #5-50, Tadó",Media,Mediana,45.6,52.5,Baja,+573510408417,Chocó,https://directorio-mock.ferromap.co/choco/tado/183,A1,Ferreteria,900431081-0,50.6,media,Verificar información del punto.,"[""A1""]"
choco_entity_184,choco_tado,Tadó,Ferretería y Pinturas La Bendición Tadó,5.263786,-76.557604,VALIDAR,"Calle 14 #26-31, Barrio El Carmelo, Tadó",Media,Mediana,69.7,63.0,Media,+573236122532,Chocó,https://directorio-mock.ferromap.co/choco/tado/184,A1,Ferreteria,900479606-4,25.5,baja,Verificar información del punto.,"[""A1"",""A2"",""A3""]"
choco_entity_185,choco_tado,Tadó,Depósito de Materiales La Primavera Tadó,5.267442,-76.558265,ACTIVO,"Avenida 9 #27-50, Barrio San Antonio, Tadó",Media,Mediana,64.7,72.6,Media,+573153865414,Chocó,https://directorio-mock.ferromap.co/choco/tado/185,A1,Deposito,900162037-1,57.4,media,Realizar seguimiento comercial.,"[""A1"",""A3""]"
choco_entity_186,choco_tado,Tadó,Depósito La 10,5.270078,-76.562886,VALIDAR,"Carrera 4 #12-50, Barrio El Carmelo, Tadó",Media,Mediana,72.2,75.7,Media,+573182004918,Chocó,null,A3,Deposito,901360193-5,75.0,alta,Verificar información del punto.,"[""A1"",""A3""]"
choco_entity_187,choco_tado,Tadó,Depósito de Materiales La Viga Tadó,5.263594,-76.558405,ACTIVO,"Carrera 14 #22-10, Barrio El Carmelo, Tadó",Media,Mediana,89.6,93.5,Alta,+573177036101,Chocó,https://directorio-mock.ferromap.co/choco/tado/187,A3,Deposito,901009320-1,65.8,media,Realizar seguimiento comercial.,"[""A3""]"
choco_entity_188,choco_tado,Tadó,Ferretería Nuestra Señora,5.269015,-76.561973,ACTIVO,"Calle 4 #18-60, Barrio Centro, Tadó",Media,Pequeña,74.3,62.2,Media,+573236109489,Chocó,https://directorio-mock.ferromap.co/choco/tado/188,A1,Ferreteria,901026895-6,72.7,alta,Priorizar activación comercial.,"[""A1""]"
choco_entity_189,choco_tado,Tadó,Ferretería y Pinturas San Pacho,5.260221,-76.561229,ACTIVO,"Carrera 14 #1-2, Barrio San Antonio, Tadó",Media,Grande,74.1,71.6,Media,+573516551255,Chocó,https://directorio-mock.ferromap.co/choco/tado/189,A1,Ferreteria,900396838-9,77.5,alta,Priorizar activación comercial.,"[""A1""]"
choco_entity_190,choco_tado,Tadó,Materiales La Casa del Tornillo,5.266472,-76.557354,ACTIVO,"Transversal 14 #24-39, Tadó",Media,Pequeña,96.8,89.3,Alta,+573105992307,Chocó,https://directorio-mock.ferromap.co/choco/tado/190,A1,Deposito,900649077-8,66.7,media,Fortalecer cobertura comercial.,"[""A1"",""A2"",""A3""]"
choco_entity_191,choco_tado,Tadó,Ferretería Rentería,5.268206,-76.5619,VALIDAR,"Carrera 13 #16-4, Barrio Centro, Tadó",Media,Pequeña,65.6,72.9,Media,+573222319548,Chocó,https://directorio-mock.ferromap.co/choco/tado/191,A2,Ferreteria,900817930-7,62.8,media,Realizar validación del establecimiento.,"[""A1"",""A2""]"
choco_entity_192,choco_tado,Tadó,Comercializadora Lozano,5.268495,-76.55978,ACTIVO,"Calle 13 #1-34, Tadó",Media,Pequeña,63.6,60.6,Media,+573105308278,Chocó,null,A1,Distribuidora,900392210-6,54.9,media,Fortalecer cobertura comercial.,"[""A1"",""A3""]"
choco_entity_193,choco_tado,Tadó,Distribuidora El Maestro,5.265844,-76.561773,VALIDAR,"Calle 9 #26-35, Tadó",Media,Mediana,92.3,96.2,Alta,+573132473783,Chocó,https://directorio-mock.ferromap.co/choco/tado/193,A2,Distribuidora,901357676-1,45.0,media,Realizar validación del establecimiento.,"[""A1"",""A2"",""A3""]"
choco_entity_194,choco_tado,Tadó,Ferretería y Pinturas Villa Hermosa,5.264003,-76.559178,VALIDAR,"Avenida 10 #1-36, Tadó",Media,Mediana,72.6,77.0,Media,+573007909129,Chocó,null,A1,Ferreteria,900461667-4,62.5,media,Realizar validación del establecimiento.,"[""A1"",""A2""]"
choco_entity_195,choco_tado,Tadó,Comercializadora Punta Brava,5.260683,-76.564585,ACTIVO,"Carrera 7 #20-55, Barrio El Carmelo, Tadó",Media,Pequeña,78.5,67.3,Media,+573105766014,Chocó,null,A3,Distribuidora,901794616-1,53.3,media,Fortalecer cobertura comercial.,"[""A3""]"
choco_entity_196,choco_tado,Tadó,Distribuidora La Sagrada Familia,5.26502,-76.56802,ACTIVO,"Transversal 14 #30-24, Barrio San Antonio, Tadó",Media,Mediana,90.6,88.2,Alta,+573129259039,Chocó,https://directorio-mock.ferromap.co/choco/tado/196,A2,Distribuidora,900823543-4,60.2,media,Realizar seguimiento comercial.,"[""A2""]"
choco_entity_197,choco_tado,Tadó,Ferretería El Maestro,5.263215,-76.570261,ACTIVO,"Carrera 2 #28-53, Tadó",Media,Mediana,64.9,61.9,Media,+573219708077,Chocó,null,A2,Ferreteria,901220575-5,61.7,media,Fortalecer cobertura comercial.,"[""A2"",""A3""]"
choco_entity_198,choco_tado,Tadó,Distribuidora La Primavera,5.262204,-76.559662,ACTIVO,"Carrera 3 #7-39, Barrio La Esperanza, Tadó",Media,Mediana,78.5,65.2,Media,+573012516577,Chocó,https://directorio-mock.ferromap.co/choco/tado/198,A1,Distribuidora,900594710-4,67.5,media,Fortalecer cobertura comercial.,"[""A1"",""A3""]"
choco_entity_199,choco_tado,Tadó,Distribuidora La Bendición Tadó,5.267319,-76.562224,ACTIVO,"Avenida 9 #16-18, Barrio El Carmelo, Tadó",Media,Grande,59.9,33.5,Baja,+573178565159,Chocó,https://directorio-mock.ferromap.co/choco/tado/199,A1,Distribuidora,900498053-2,44.4,media,Realizar seguimiento comercial.,"[""A1""]"
choco_entity_200,choco_tado,Tadó,Ferre-Eléctricos La Unión,5.264049,-76.567826,ACTIVO,"Avenida 13 #12-13, Tadó",Media,Pequeña,75.2,83.0,Media,+573019255565,Chocó,https://directorio-mock.ferromap.co/choco/tado/200,A1,Ferreteria,900587925-1,56.8,media,Realizar seguimiento comercial.,"[""A1"",""A2""]"
choco_entity_201,choco_tado,Tadó,Distribuciones El Porvenir Tadó,5.272485,-76.559878,ACTIVO,"Avenida 7 #25-31, Barrio San Antonio, Tadó",Media,Mediana,92.2,98.0,Alta,+573168135816,Chocó,https://directorio-mock.ferromap.co/choco/tado/201,A3,Distribuidora,901029350-8,22.4,baja,Mantener seguimiento de la cuenta.,"[""A3""]"
choco_entity_202,choco_tado,Tadó,Ferretería La Viga Tadó,5.269478,-76.565628,ACTIVO,"Calle 2 #24-58, Tadó",Media,Pequeña,93.5,95.1,Alta,+573219787802,Chocó,https://directorio-mock.ferromap.co/choco/tado/202,A1,Ferreteria,900416439-0,58.4,media,Realizar seguimiento comercial.,"[""A1"",""A2""]"
choco_entity_203,choco_riosucio,Riosucio,Ferretería y Pinturas El Paisa,7.437917,-77.120363,ACTIVO,"Calle 4 #2-60, Riosucio",Media,Mediana,89.9,92.4,Alta,+573002150962,Chocó,null,A1,Ferreteria,900646352-5,53.5,media,Fortalecer cobertura comercial.,"[""A1""]"
choco_entity_204,choco_riosucio,Riosucio,Comercializadora San Pacho Riosucio,7.441477,-77.110124,INACTIVO,"Calle 10 #30-16, Riosucio",Media,Pequeña,80.5,72.0,Media,+573203715715,Chocó,https://directorio-mock.ferromap.co/choco/riosucio/204,A1,Distribuidora,901869203-7,51.7,media,Evaluar reactivación del punto comercial.,"[""A1"",""A2"",""A3""]"
choco_entity_205,choco_riosucio,Riosucio,Ferre-Eléctricos La Económica,7.431607,-77.113794,ACTIVO,"Avenida 2 #29-12, Barrio Centro, Riosucio",Media,Pequeña,90.5,92.4,Alta,+573224563625,Chocó,https://directorio-mock.ferromap.co/choco/riosucio/205,A1,Ferreteria,900119364-3,64.6,media,Realizar seguimiento comercial.,"[""A1"",""A2"",""A3""]"
choco_entity_206,choco_riosucio,Riosucio,Comercializadora La Sagrada Familia,7.440923,-77.120149,ACTIVO,"Carrera 3 #3-48, Riosucio",Media,Mediana,98.1,89.4,Alta,+573502026696,Chocó,https://directorio-mock.ferromap.co/choco/riosucio/206,A2,Distribuidora,900241194-9,67.1,media,Realizar seguimiento comercial.,"[""A1"",""A2"",""A3""]"
choco_entity_207,choco_riosucio,Riosucio,Materiales Casa Nueva Riosucio,7.431872,-77.117559,ACTIVO,"Transversal 3 #10-7, Riosucio",Media,Mediana,94.8,92.7,Alta,+573018830696,Chocó,null,A3,Deposito,900624122-3,62.5,media,Realizar seguimiento comercial.,"[""A1"",""A3""]"
choco_entity_208,choco_riosucio,Riosucio,Ferre-Eléctricos La Frontera Riosucio,7.436281,-77.118814,ACTIVO,"Transversal 3 #29-14, Riosucio",Media,Mediana,82.1,83.5,Media,+573050949167,Chocó,https://directorio-mock.ferromap.co/choco/riosucio/208,A3,Ferreteria,900452280-1,56.2,media,Fortalecer cobertura comercial.,"[""A1"",""A3""]"
choco_entity_209,choco_riosucio,Riosucio,Materiales La Garza,7.438717,-77.112672,ACTIVO,"Carrera 8 #4-25, Riosucio",Media,Grande,77.5,66.3,Media,+573156480685,Chocó,null,A2,Deposito,901431445-1,87.9,alta,Priorizar activación comercial.,"[""A2""]"
choco_entity_210,choco_riosucio,Riosucio,Comercializadora La Económica,7.440937,-77.110991,ACTIVO,"Calle 4 #2-18, Riosucio",Media,Pequeña,34.4,31.7,Baja,+573042860857,Chocó,null,A1,Distribuidora,901844081-7,62.1,media,Realizar seguimiento comercial.,"[""A1"",""A2""]"
choco_entity_211,choco_riosucio,Riosucio,Ferretería y Pinturas Mar y Río,7.444138,-77.109272,ACTIVO,"Avenida 7 #10-22, Barrio El Paraíso, Riosucio",Media,Pequeña,90.5,93.9,Alta,+573234048021,Chocó,null,A3,Ferreteria,901264753-9,52.7,media,Realizar seguimiento comercial.,"[""A2"",""A3""]"
choco_entity_212,choco_riosucio,Riosucio,Distribuciones La Bendición,7.433765,-77.115479,ACTIVO,"Carrera 8 #10-44, Barrio Centro, Riosucio",Media,Pequeña,92.9,95.2,Alta,+573024107268,Chocó,https://directorio-mock.ferromap.co/choco/riosucio/212,A1,Distribuidora,901498598-8,56.5,media,Fortalecer cobertura comercial.,"[""A1""]"
choco_entity_213,choco_riosucio,Riosucio,Materiales San José,7.434693,-77.117602,ACTIVO,"Calle 13 #4-30, Barrio El Paraíso, Riosucio",Media,Mediana,61.5,67.8,Media,+573239280363,Chocó,null,A3,Deposito,900549939-2,67.5,media,Fortalecer cobertura comercial.,"[""A1"",""A2"",""A3""]"
choco_entity_214,choco_riosucio,Riosucio,Comercializadora Villa Hermosa,7.4383,-77.11358,ACTIVO,"Calle 14 #1-35, Barrio Centro, Riosucio",Media,Pequeña,75.4,64.3,Media,+573200928702,Chocó,null,A2,Distribuidora,901468883-4,41.0,media,Fortalecer cobertura comercial.,"[""A2""]"
choco_entity_215,choco_riosucio,Riosucio,Ferretería Industrial El Buen Precio,7.440407,-77.119498,VALIDAR,"Carrera 2 #1-3, Riosucio",Media,Pequeña,64.9,60.9,Media,+573054371366,Chocó,https://directorio-mock.ferromap.co/choco/riosucio/215,A2,Ferreteria,901180681-5,37.5,baja,Verificar información del punto.,"[""A2""]"
choco_entity_216,choco_riosucio,Riosucio,Ferretería y Pinturas Hermanos Córdoba,7.434039,-77.113686,ACTIVO,"Calle 2 #3-13, Barrio Centro, Riosucio",Media,Pequeña,89.4,93.5,Alta,+573158383114,Chocó,https://directorio-mock.ferromap.co/choco/riosucio/216,A3,Ferreteria,900785390-0,43.5,media,Realizar seguimiento comercial.,"[""A3""]"
choco_entity_217,choco_riosucio,Riosucio,Distribuciones Villa Hermosa,7.437865,-77.114757,ACTIVO,"Carrera 6 #6-3, Riosucio",Media,Grande,80.2,60.5,Media,+573100930443,Chocó,null,A1,Distribuidora,901635434-7,41.4,media,Realizar seguimiento comercial.,"[""A1""]"
choco_entity_218,choco_riosucio,Riosucio,Ferretería La Estrella Riosucio,7.438367,-77.116424,ACTIVO,"Carrera 2 #11-25, Barrio El Paraíso, Riosucio",Media,Mediana,60.6,84.2,Media,+573013266056,Chocó,https://directorio-mock.ferromap.co/choco/riosucio/218,A2,Ferreteria,901671116-2,37.7,baja,Mantener seguimiento de la cuenta.,"[""A2""]"
choco_entity_219,choco_riosucio,Riosucio,Depósito El Buen Precio,7.441185,-77.112283,INACTIVO,"Avenida 7 #23-24, Riosucio",Media,Mediana,37.1,45.6,Baja,+573214985107,Chocó,null,A2,Deposito,900910121-2,45.7,media,Evaluar reactivación del punto comercial.,"[""A2""]"
choco_entity_220,choco_riosucio,Riosucio,Distribuciones Punta Brava Riosucio,7.438277,-77.116098,VALIDAR,"Calle 9 #14-10, Barrio Centro, Riosucio",Media,Mediana,82.1,71.0,Media,+573231300841,Chocó,https://directorio-mock.ferromap.co/choco/riosucio/220,A1,Distribuidora,901140445-2,41.8,media,Realizar validación del establecimiento.,"[""A1""]"
choco_entity_221,choco_riosucio,Riosucio,Distribuciones El Baudó,7.434983,-77.113461,ACTIVO,"Calle 11 #13-14, Barrio Centro, Riosucio",Media,Pequeña,94.6,96.4,Alta,+573216593997,Chocó,https://directorio-mock.ferromap.co/choco/riosucio/221,A2,Distribuidora,901669128-4,79.7,alta,Priorizar activación comercial.,"[""A2""]"
choco_entity_222,choco_riosucio,Riosucio,Distribuciones San José,7.433057,-77.112858,ACTIVO,"Transversal 11 #5-8, Barrio La Esperanza, Riosucio",Media,Mediana,65.4,79.1,Media,+573214085850,Chocó,https://directorio-mock.ferromap.co/choco/riosucio/222,A2,Distribuidora,901207904-1,73.4,alta,Priorizar activación comercial.,"[""A1"",""A2"",""A3""]"
choco_entity_223,choco_riosucio,Riosucio,Distribuidora Villa Hermosa Riosucio,7.439143,-77.11872,VALIDAR,"Transversal 8 #3-56, Barrio Centro, Riosucio",Media,Pequeña,99.3,95.1,Alta,+573132438341,Chocó,null,A3,Distribuidora,901321246-0,71.0,alta,Realizar validación del establecimiento.,"[""A1"",""A2"",""A3""]"
choco_entity_224,choco_riosucio,Riosucio,Ferretería El Baudó Riosucio,7.437677,-77.114766,ACTIVO,"Carrera 3 #2-22, Barrio Centro, Riosucio",Media,Pequeña,71.9,65.3,Media,+573122995197,Chocó,https://directorio-mock.ferromap.co/choco/riosucio/224,A1,Ferreteria,901699133-1,45.5,media,Fortalecer cobertura comercial.,"[""A1"",""A2"",""A3""]"
choco_entity_225,choco_riosucio,Riosucio,Ferretería Moreno,7.440295,-77.111326,ACTIVO,"Avenida 13 #20-29, Barrio Centro, Riosucio",Media,Pequeña,58.6,33.1,Baja,+573130200635,Chocó,null,A2,Ferreteria,900490280-1,43.3,media,Realizar seguimiento comercial.,"[""A2""]"
choco_entity_226,choco_riosucio,Riosucio,Ferretería y Pinturas La Bendición Riosucio,7.438466,-77.116764,INACTIVO,"Calle 1 #13-47, Barrio El Paraíso, Riosucio",Media,Mediana,73.9,77.6,Media,+573128617572,Chocó,null,A2,Ferreteria,900992748-0,48.2,media,Verificar continuidad operativa del establecimiento.,"[""A2""]"
choco_entity_227,choco_acandi,Acandí,Ferretería Industrial El Litoral,8.508146,-77.283163,ACTIVO,"Carrera 2 #19-47, Acandí",Media,Pequeña,98.2,94.6,Alta,+573506202324,Chocó,null,A1,Ferreteria,901034586-9,56.8,media,Fortalecer cobertura comercial.,"[""A1"",""A2""]"
choco_entity_228,choco_acandi,Acandí,Distribuciones La Ceiba Acandí,8.510305,-77.282269,ACTIVO,"Transversal 5 #9-10, Acandí",Media,Grande,99.7,89.4,Alta,+573235251859,Chocó,https://directorio-mock.ferromap.co/choco/acandi/228,A2,Distribuidora,900570510-4,67.3,media,Fortalecer cobertura comercial.,"[""A1"",""A2""]"
choco_entity_229,choco_acandi,Acandí,Distribuidora Hermanos Córdoba,8.506725,-77.286365,ACTIVO,"Calle 8 #7-21, Barrio El Carmen, Acandí",Media,Grande,75.0,70.8,Media,+573105433425,Chocó,https://directorio-mock.ferromap.co/choco/acandi/229,A3,Distribuidora,900706333-3,60.5,media,Realizar seguimiento comercial.,"[""A3""]"
choco_entity_230,choco_acandi,Acandí,Distribuciones Valencia,8.507583,-77.284839,ACTIVO,"Carrera 6 #23-24, Acandí",Media,Pequeña,61.4,68.0,Media,+573176308228,Chocó,null,A2,Distribuidora,901582602-9,62.5,media,Realizar seguimiento comercial.,"[""A2"",""A3""]"
choco_entity_231,choco_acandi,Acandí,Materiales Los Andes Acandí,8.505768,-77.283288,ACTIVO,"Carrera 3 #13-29, Acandí",Media,Pequeña,95.6,89.0,Alta,+573135786498,Chocó,https://directorio-mock.ferromap.co/choco/acandi/231,A1,Deposito,900558792-5,50.3,media,Fortalecer cobertura comercial.,"[""A1"",""A3""]"
choco_entity_232,choco_acandi,Acandí,Materiales El Puerto Acandí,8.507293,-77.282738,ACTIVO,"Avenida 1 #8-9, Acandí",Media,Mediana,89.0,88.2,Alta,+573509999905,Chocó,null,A2,Deposito,901323622-6,73.4,alta,Priorizar visita comercial.,"[""A1"",""A2""]"
choco_entity_233,choco_acandi,Acandí,Comercializadora San José,8.509786,-77.284026,ACTIVO,"Calle 14 #12-35, Barrio Villa Hermosa, Acandí",Media,Grande,98.7,97.8,Alta,+573141349610,Chocó,https://directorio-mock.ferromap.co/choco/acandi/233,A2,Distribuidora,901000233-8,34.9,baja,Mantener seguimiento de la cuenta.,"[""A1"",""A2"",""A3""]"
choco_entity_234,choco_acandi,Acandí,Distribuciones Mi Tierra,8.511207,-77.282698,VALIDAR,"Carrera 12 #14-42, Acandí",Media,Mediana,49.8,48.2,Baja,+573147347646,Chocó,null,A2,Distribuidora,900886168-5,53.6,media,Realizar validación del establecimiento.,"[""A2""]"
choco_entity_235,choco_acandi,Acandí,Materiales La Fortaleza,8.506654,-77.282386,ACTIVO,"Carrera 11 #16-26, Acandí",Media,Pequeña,90.4,93.8,Alta,+573011865675,Chocó,null,A2,Deposito,901633642-3,41.4,media,Realizar seguimiento comercial.,"[""A2"",""A3""]"
choco_entity_236,choco_acandi,Acandí,Ferre-Eléctricos La Viga,8.509292,-77.27982,INACTIVO,"Avenida 14 #22-2, Barrio Centro, Acandí",Media,Mediana,74.1,79.9,Media,+573007419227,Chocó,https://directorio-mock.ferromap.co/choco/acandi/236,A3,Ferreteria,900260903-5,3.0,baja,Evaluar reactivación del punto comercial.,"[""A1"",""A2"",""A3""]"
choco_entity_237,choco_acandi,Acandí,Distribuidora El Chontaduro Acandí,8.510383,-77.280646,VALIDAR,"Carrera 9 #17-32, Acandí",Media,Grande,70.5,63.7,Media,+573135946598,Chocó,null,A3,Distribuidora,900589735-8,49.9,media,Verificar información del punto.,"[""A3""]"
choco_entity_238,choco_acandi,Acandí,Depósito de Materiales El Puerto,8.509753,-77.283388,INACTIVO,"Transversal 7 #28-18, Acandí",Media,Mediana,83.0,74.7,Media,+573023422790,Chocó,null,A3,Deposito,901141431-4,28.3,baja,Verificar continuidad operativa del establecimiento.,"[""A3""]"
choco_entity_239,choco_acandi,Acandí,Ferretería Mar y Río,8.509751,-77.285678,ACTIVO,"Avenida 14 #26-19, Acandí",Media,Grande,76.2,62.7,Media,+573040155989,Chocó,null,A1,Ferreteria,900627875-4,41.1,media,Realizar seguimiento comercial.,"[""A1""]"
choco_entity_240,choco_acandi,Acandí,Ferretería y Pinturas Perea,8.511403,-77.285527,INACTIVO,"Transversal 1 #3-29, Acandí",Media,Mediana,38.5,36.5,Baja,+573249371662,Chocó,null,A2,Ferreteria,900532039-4,57.8,media,Verificar continuidad operativa del establecimiento.,"[""A2""]"
choco_entity_241,choco_acandi,Acandí,Depósito Perea Acandí,8.509112,-77.277731,ACTIVO,"Calle 12 #16-36, Acandí",Media,Pequeña,74.0,79.2,Media,+573184316702,Chocó,null,A3,Deposito,901332035-0,79.8,alta,Priorizar visita comercial.,"[""A2"",""A3""]"
choco_entity_242,choco_acandi,Acandí,Ferre-Eléctricos Mi Tierra,8.507951,-77.282952,ACTIVO,"Calle 11 #17-45, Barrio Villa Hermosa, Acandí",Media,Mediana,69.0,62.9,Media,+573226152716,Chocó,null,A2,Ferreteria,901560923-3,37.7,baja,Mantener seguimiento de la cuenta.,"[""A1"",""A2""]"
choco_entity_243,choco_acandi,Acandí,Depósito La Frontera Acandí,8.511358,-77.282935,ACTIVO,"Calle 8 #21-22, Acandí",Media,Grande,60.9,70.3,Media,+573134930837,Chocó,null,A3,Deposito,900438690-8,39.6,baja,Mantener seguimiento de la cuenta.,"[""A3""]"
choco_entity_244,choco_acandi,Acandí,Comercializadora La Primavera,8.506516,-77.282359,ACTIVO,"Transversal 11 #13-21, Acandí",Media,Pequeña,65.2,65.8,Media,+573513035691,Chocó,null,A1,Distribuidora,900862881-5,85.6,alta,Priorizar activación comercial.,"[""A1"",""A2""]"
choco_entity_245,choco_acandi,Acandí,Comercializadora La Fortaleza,8.50993,-77.281236,VALIDAR,"Carrera 4 #18-57, Acandí",Media,Pequeña,47.6,41.2,Baja,+573176822741,Chocó,null,A3,Distribuidora,901504447-0,60.5,media,Realizar validación del establecimiento.,"[""A2"",""A3""]"
choco_entity_246,choco_acandi,Acandí,Materiales El Cedro,8.506602,-77.278646,ACTIVO,"Calle 7 #14-7, Acandí",Media,Pequeña,77.9,66.6,Media,+573018992510,Chocó,null,A3,Deposito,900293646-9,36.5,baja,Mantener seguimiento de la cuenta.,"[""A3""]"
choco_entity_247,choco_bahia_solano,Bahía Solano,Depósito de Materiales Río San Juan,6.226795,-77.400955,ACTIVO,"Carrera 9 #4-60, Bahía Solano",Baja,Pequeña,91.3,95.7,Alta,+573508682443,Chocó,https://directorio-mock.ferromap.co/choco/bahia_solano/247,A3,Deposito,900142409-2,68.6,media,Realizar seguimiento comercial.,"[""A1"",""A2"",""A3""]"
choco_entity_248,choco_bahia_solano,Bahía Solano,Ferre-Eléctricos El Sol Bahía Solano,6.22336,-77.402059,VALIDAR,"Calle 5 #11-57, Barrio Ciudad Mutis, Bahía Solano",Baja,Pequeña,94.9,98.8,Alta,+573220823517,Chocó,https://directorio-mock.ferromap.co/choco/bahia_solano/248,A2,Ferreteria,900270548-6,44.2,media,Verificar información del punto.,"[""A1"",""A2""]"
choco_entity_249,choco_bahia_solano,Bahía Solano,Depósito de Materiales Hermanos Palacios,6.226175,-77.402742,ACTIVO,"Transversal 2 #5-55, Bahía Solano",Baja,Mediana,69.1,75.2,Media,+573117944299,Chocó,https://directorio-mock.ferromap.co/choco/bahia_solano/249,A1,Deposito,900755819-1,43.7,media,Realizar seguimiento comercial.,"[""A1""]"
choco_entity_250,choco_bahia_solano,Bahía Solano,Depósito El Tornillo Feliz,6.224356,-77.402186,ACTIVO,"Carrera 12 #2-25, Bahía Solano",Baja,Grande,33.8,31.4,Baja,+573149075223,Chocó,null,A3,Deposito,900789935-2,9.5,baja,Mantener seguimiento de la cuenta.,"[""A3""]"
choco_entity_251,choco_bahia_solano,Bahía Solano,Materiales El Guayacán,6.220995,-77.399224,ACTIVO,"Carrera 4 #14-53, Barrio El Carmen, Bahía Solano",Baja,Grande,69.6,83.2,Media,+573147574071,Chocó,https://directorio-mock.ferromap.co/choco/bahia_solano/251,A2,Deposito,901484440-2,68.9,media,Fortalecer cobertura comercial.,"[""A2""]"
choco_entity_252,choco_bahia_solano,Bahía Solano,Ferre-Eléctricos La Ceiba,6.225977,-77.401025,ACTIVO,"Avenida 9 #7-19, Bahía Solano",Baja,Pequeña,95.1,93.3,Alta,+573114007928,Chocó,https://directorio-mock.ferromap.co/choco/bahia_solano/252,A3,Ferreteria,901176100-2,31.2,baja,Mantener seguimiento de la cuenta.,"[""A1"",""A3""]"
choco_entity_253,choco_bahia_solano,Bahía Solano,Ferre-Eléctricos El Manantial,6.221036,-77.398994,ACTIVO,"Transversal 14 #23-55, Bahía Solano",Baja,Mediana,88.2,92.0,Alta,+573024800660,Chocó,https://directorio-mock.ferromap.co/choco/bahia_solano/253,A2,Ferreteria,900214428-2,32.2,baja,Mantener seguimiento de la cuenta.,"[""A1"",""A2""]"
choco_entity_254,choco_bahia_solano,Bahía Solano,Ferretería Lozano,6.222578,-77.400232,ACTIVO,"Calle 2 #26-38, Bahía Solano",Baja,Pequeña,91.5,96.9,Alta,+573181223705,Chocó,https://directorio-mock.ferromap.co/choco/bahia_solano/254,A2,Ferreteria,901888116-5,21.9,baja,Mantener seguimiento de la cuenta.,"[""A1"",""A2"",""A3""]"
choco_entity_255,choco_bahia_solano,Bahía Solano,Ferretería El Manantial Bahía Solano,6.226442,-77.398203,ACTIVO,"Calle 10 #25-28, Barrio Centro, Bahía Solano",Baja,Pequeña,74.2,86.6,Media,+573047866807,Chocó,https://directorio-mock.ferromap.co/choco/bahia_solano/255,A3,Ferreteria,901252313-1,44.4,media,Fortalecer cobertura comercial.,"[""A3""]"
choco_entity_256,choco_bahia_solano,Bahía Solano,Ferretería Industrial Santa Rita,6.222708,-77.399057,ACTIVO,"Avenida 14 #18-41, Barrio Centro, Bahía Solano",Baja,Pequeña,90.6,98.6,Alta,+573124799850,Chocó,https://directorio-mock.ferromap.co/choco/bahia_solano/256,A1,Ferreteria,900425877-1,15.7,baja,Mantener seguimiento de la cuenta.,"[""A1"",""A2""]"
choco_entity_257,choco_bahia_solano,Bahía Solano,Depósito de Materiales El Porvenir,6.221109,-77.40111,VALIDAR,"Calle 6 #13-28, Bahía Solano",Baja,Mediana,72.5,74.6,Media,+573147233530,Chocó,null,A1,Deposito,901660507-1,35.5,baja,Realizar validación del establecimiento.,"[""A1""]"
choco_entity_258,choco_bahia_solano,Bahía Solano,Ferretería y Pinturas Moreno,6.226056,-77.404004,ACTIVO,"Calle 4 #2-48, Bahía Solano",Baja,Pequeña,86.9,91.5,Alta,+573048148326,Chocó,https://directorio-mock.ferromap.co/choco/bahia_solano/258,A3,Ferreteria,900795240-7,27.5,baja,Mantener seguimiento de la cuenta.,"[""A1"",""A2"",""A3""]"
choco_entity_259,choco_bahia_solano,Bahía Solano,Distribuciones La Nueva,6.225589,-77.402136,VALIDAR,"Carrera 8 #26-33, Bahía Solano",Baja,Mediana,69.5,61.0,Media,+573218501473,Chocó,https://directorio-mock.ferromap.co/choco/bahia_solano/259,A3,Distribuidora,901327501-1,56.6,media,Verificar información del punto.,"[""A2"",""A3""]"
choco_entity_260,choco_bahia_solano,Bahía Solano,Depósito Santa Rita Bahía Solano,6.222551,-77.401773,INACTIVO,"Avenida 10 #22-2, Bahía Solano",Baja,Mediana,67.0,67.8,Media,+573111776793,Chocó,https://directorio-mock.ferromap.co/choco/bahia_solano/260,A3,Deposito,900975786-9,3.0,baja,Evaluar reactivación del punto comercial.,"[""A2"",""A3""]"
choco_entity_261,choco_bahia_solano,Bahía Solano,Distribuciones La Victoria,6.222402,-77.403689,ACTIVO,"Carrera 6 #29-16, Bahía Solano",Baja,Mediana,91.3,90.3,Alta,+573513456950,Chocó,https://directorio-mock.ferromap.co/choco/bahia_solano/261,A3,Distribuidora,900839824-9,36.2,baja,Mantener seguimiento de la cuenta.,"[""A3""]"
choco_entity_262,choco_bahia_solano,Bahía Solano,Ferretería Los Hermanos Bahía Solano,6.222759,-77.404554,VALIDAR,"Transversal 14 #12-32, Barrio El Carmen, Bahía Solano",Baja,Mediana,30.7,43.9,Baja,+573106659037,Chocó,null,A3,Ferreteria,900297405-9,25.8,baja,Verificar información del punto.,"[""A3""]"
choco_entity_263,choco_bahia_solano,Bahía Solano,Ferretería Industrial El Porvenir,6.222524,-77.400237,ACTIVO,"Calle 5 #29-51, Bahía Solano",Baja,Pequeña,77.8,65.8,Media,+573055886180,Chocó,null,A3,Ferreteria,900149590-1,70.3,alta,Evaluar oportunidad de distribución.,"[""A3""]"
choco_entity_264,choco_bahia_solano,Bahía Solano,Ferretería El Puerto,6.223849,-77.401573,ACTIVO,"Avenida 9 #21-36, Bahía Solano",Baja,Grande,87.9,91.0,Alta,+573156535235,Chocó,null,A2,Ferreteria,901515455-7,59.9,media,Fortalecer cobertura comercial.,"[""A2"",""A3""]"
choco_entity_265,choco_nuqui,Nuquí,Depósito San Pacho,5.70915,-77.266672,ACTIVO,"Avenida 14 #27-56, Nuquí",Baja,Pequeña,98.0,99.8,Alta,+573055981149,Chocó,https://directorio-mock.ferromap.co/choco/nuqui/265,A3,Deposito,900491061-1,18.2,baja,Mantener seguimiento de la cuenta.,"[""A3""]"
choco_entity_266,choco_nuqui,Nuquí,Ferretería y Pinturas El Buen Precio,5.710008,-77.263778,ACTIVO,"Carrera 1 #28-16, Barrio Centro, Nuquí",Baja,Pequeña,61.4,61.5,Media,+573504868005,Chocó,null,A3,Ferreteria,900790584-2,18.2,baja,Mantener seguimiento de la cuenta.,"[""A1"",""A3""]"
choco_entity_267,choco_nuqui,Nuquí,Depósito El Triunfo,5.712572,-77.267237,ACTIVO,"Calle 11 #24-23, Nuquí",Baja,Pequeña,90.0,91.9,Alta,+573053300315,Chocó,https://directorio-mock.ferromap.co/choco/nuqui/267,A2,Deposito,901315758-5,48.0,media,Realizar seguimiento comercial.,"[""A2"",""A3""]"
choco_entity_268,choco_nuqui,Nuquí,Ferretería Industrial El Progreso,5.710035,-77.268446,ACTIVO,"Calle 2 #1-3, Nuquí",Baja,Pequeña,67.2,74.7,Media,+573100081933,Chocó,null,A2,Ferreteria,900357270-1,53.8,media,Realizar seguimiento comercial.,"[""A1"",""A2"",""A3""]"
choco_entity_269,choco_nuqui,Nuquí,Depósito de Materiales El Obrero Nuquí,5.709081,-77.267726,ACTIVO,"Calle 11 #9-56, Barrio Pueblo Nuevo, Nuquí",Baja,Grande,58.6,47.9,Baja,+573237407416,Chocó,null,A2,Deposito,901187318-8,48.4,media,Realizar seguimiento comercial.,"[""A2""]"
choco_entity_270,choco_nuqui,Nuquí,Depósito de Materiales Santa Rita,5.711604,-77.265939,ACTIVO,"Avenida 8 #26-6, Barrio Centro, Nuquí",Baja,Mediana,58.6,33.4,Baja,+573159023512,Chocó,null,A1,Deposito,900317309-7,25.1,baja,Mantener seguimiento de la cuenta.,"[""A1""]"
choco_entity_271,choco_nuqui,Nuquí,Ferre-Eléctricos San Francisco,5.712165,-77.262682,VALIDAR,"Transversal 5 #26-10, Nuquí",Baja,Pequeña,34.0,30.5,Baja,+573172621496,Chocó,null,A3,Ferreteria,901609478-0,29.1,baja,Verificar información del punto.,"[""A3""]"
choco_entity_272,choco_nuqui,Nuquí,Distribuidora El Martillo,5.709557,-77.266973,INACTIVO,"Transversal 8 #9-58, Nuquí",Baja,Pequeña,62.7,72.4,Media,+573029639043,Chocó,null,A2,Distribuidora,901891204-6,31.2,baja,Evaluar reactivación del punto comercial.,"[""A1"",""A2""]"
choco_entity_273,choco_nuqui,Nuquí,Distribuidora El Cemento,5.709932,-77.266651,VALIDAR,"Calle 8 #9-34, Barrio Pueblo Nuevo, Nuquí",Baja,Grande,61.9,78.0,Media,+573214646553,Chocó,null,A3,Distribuidora,901547426-0,16.0,baja,Verificar información del punto.,"[""A1"",""A2"",""A3""]"
choco_entity_274,choco_nuqui,Nuquí,Distribuidora El Arquitecto,5.711316,-77.266161,ACTIVO,"Transversal 14 #28-30, Barrio Centro, Nuquí",Baja,Mediana,69.1,70.6,Media,+573128725337,Chocó,https://directorio-mock.ferromap.co/choco/nuqui/274,A2,Distribuidora,901761632-8,53.8,media,Fortalecer cobertura comercial.,"[""A2""]"
choco_entity_275,choco_nuqui,Nuquí,Ferretería y Pinturas El Ladrillo,5.710511,-77.266247,INACTIVO,"Carrera 12 #7-39, Barrio Pueblo Nuevo, Nuquí",Baja,Mediana,91.7,94.5,Alta,+573126990808,Chocó,null,A3,Ferreteria,900809831-2,54.3,media,Verificar continuidad operativa del establecimiento.,"[""A3""]"
choco_entity_276,choco_nuqui,Nuquí,Depósito Asprilla,5.711108,-77.265413,VALIDAR,"Carrera 1 #24-58, Nuquí",Baja,Grande,65.2,77.1,Media,+573017517016,Chocó,null,A3,Deposito,901486832-5,36.7,baja,Realizar validación del establecimiento.,"[""A1"",""A3""]"
choco_entity_277,choco_nuqui,Nuquí,Ferre-Eléctricos El Pilar Nuquí,5.707125,-77.268821,ACTIVO,"Carrera 14 #2-50, Nuquí",Baja,Mediana,76.1,83.2,Media,+573174092430,Chocó,https://directorio-mock.ferromap.co/choco/nuqui/277,A1,Ferreteria,900313840-9,26.8,baja,Mantener seguimiento de la cuenta.,"[""A1""]"
choco_entity_278,choco_nuqui,Nuquí,Ferretería y Pinturas Los Robles,5.710995,-77.269123,VALIDAR,"Avenida 3 #11-18, Nuquí",Baja,Pequeña,84.5,64.2,Media,+573179792312,Chocó,null,A3,Ferreteria,901062669-0,33.0,baja,Realizar validación del establecimiento.,"[""A2"",""A3""]"
choco_entity_279,choco_unguia,Unguía,Distribuidora San Francisco Unguía,8.041033,-77.091542,ACTIVO,"Transversal 14 #26-2, Unguía",Baja,Mediana,80.0,70.8,Media,+573014224373,Chocó,null,A3,Distribuidora,900238648-1,42.3,media,Fortalecer cobertura comercial.,"[""A3""]"
choco_entity_280,choco_unguia,Unguía,Ferretería Los Robles,8.042003,-77.091525,ACTIVO,"Carrera 1 #6-4, Unguía",Baja,Mediana,99.6,90.0,Alta,+573058008106,Chocó,null,A3,Ferreteria,901796088-1,3.0,baja,Mantener seguimiento de la cuenta.,"[""A1"",""A3""]"
choco_entity_281,choco_unguia,Unguía,Distribuidora La Estrella,8.045432,-77.092339,ACTIVO,"Calle 6 #9-13, Unguía",Baja,Pequeña,92.7,88.1,Alta,+573050600097,Chocó,null,A1,Distribuidora,901377707-5,41.4,media,Realizar seguimiento comercial.,"[""A1"",""A2""]"
choco_entity_282,choco_unguia,Unguía,Ferretería La Garza Unguía,8.044848,-77.09336,VALIDAR,"Carrera 3 #7-48, Unguía",Baja,Grande,83.2,73.8,Media,+573156781996,Chocó,https://directorio-mock.ferromap.co/choco/unguia/282,A1,Ferreteria,901601243-0,60.8,media,Realizar validación del establecimiento.,"[""A1"",""A3""]"
choco_entity_283,choco_unguia,Unguía,Comercializadora Mar y Río,8.040138,-77.093175,VALIDAR,"Transversal 13 #22-52, Barrio Villa Nueva, Unguía",Baja,Grande,33.1,30.0,Baja,+573006565989,Chocó,https://directorio-mock.ferromap.co/choco/unguia/283,A3,Distribuidora,900761987-3,54.8,media,Verificar información del punto.,"[""A3""]"
choco_entity_284,choco_unguia,Unguía,Distribuidora La Económica,8.044716,-77.094414,ACTIVO,"Avenida 3 #9-40, Unguía",Baja,Mediana,81.0,66.9,Media,+573177028759,Chocó,https://directorio-mock.ferromap.co/choco/unguia/284,A1,Distribuidora,900447138-1,48.4,media,Realizar seguimiento comercial.,"[""A1"",""A2"",""A3""]"
choco_entity_285,choco_unguia,Unguía,Depósito de Materiales Rentería,8.043355,-77.091241,ACTIVO,"Calle 14 #5-41, Unguía",Baja,Grande,98.2,92.0,Alta,+573047157207,Chocó,https://directorio-mock.ferromap.co/choco/unguia/285,A2,Deposito,901808586-1,39.2,baja,Mantener seguimiento de la cuenta.,"[""A2"",""A3""]"
choco_entity_286,choco_unguia,Unguía,Ferretería La Unión Unguía,8.041443,-77.091512,ACTIVO,"Calle 8 #2-50, Unguía",Baja,Grande,99.4,93.5,Alta,+573121238796,Chocó,https://directorio-mock.ferromap.co/choco/unguia/286,A1,Ferreteria,901375840-8,83.2,alta,Evaluar oportunidad de distribución.,"[""A1"",""A3""]"
choco_entity_287,choco_unguia,Unguía,Depósito El Martillo,8.048176,-77.094476,ACTIVO,"Avenida 1 #28-48, Barrio Centro, Unguía",Baja,Pequeña,88.2,92.7,Alta,+573512303111,Chocó,https://directorio-mock.ferromap.co/choco/unguia/287,A3,Deposito,901249044-2,61.1,media,Realizar seguimiento comercial.,"[""A1"",""A3""]"
choco_entity_288,choco_unguia,Unguía,Ferre-Eléctricos La Fortaleza,8.04396,-77.093473,ACTIVO,"Avenida 4 #2-41, Barrio Villa Nueva, Unguía",Baja,Mediana,90.5,93.3,Alta,+573107699158,Chocó,null,A1,Ferreteria,901267840-5,40.3,media,Realizar seguimiento comercial.,"[""A1""]"
choco_entity_289,choco_unguia,Unguía,Distribuidora Mar y Río,8.047384,-77.092315,ACTIVO,"Calle 13 #9-26, Unguía",Baja,Pequeña,97.1,98.3,Alta,+573239043695,Chocó,https://directorio-mock.ferromap.co/choco/unguia/289,A1,Distribuidora,900530506-3,26.5,baja,Mantener seguimiento de la cuenta.,"[""A1"",""A2""]"
choco_entity_290,choco_unguia,Unguía,Ferretería Industrial Punta Brava Unguía,8.045806,-77.094812,ACTIVO,"Calle 9 #30-57, Unguía",Baja,Mediana,80.0,82.2,Media,+573029911773,Chocó,https://directorio-mock.ferromap.co/choco/unguia/290,A1,Ferreteria,900378047-3,37.9,baja,Mantener seguimiento de la cuenta.,"[""A1"",""A3""]"
choco_entity_291,choco_unguia,Unguía,Distribuidora El Cemento Unguía,8.04356,-77.093124,VALIDAR,"Carrera 4 #17-5, Unguía",Baja,Grande,30.5,44.7,Baja,+573502775111,Chocó,null,A2,Distribuidora,901370662-0,38.3,baja,Realizar validación del establecimiento.,"[""A1"",""A2""]"
choco_entity_292,choco_unguia,Unguía,Ferretería San Martín,8.04581,-77.09744,ACTIVO,"Carrera 5 #16-13, Unguía",Baja,Pequeña,86.0,90.6,Alta,+573238071507,Chocó,null,A3,Ferreteria,900205526-8,11.1,baja,Mantener seguimiento de la cuenta.,"[""A1"",""A2"",""A3""]"
choco_entity_293,choco_bojaya,Bojayá,Ferretería y Pinturas El Progreso,6.561124,-76.88727,ACTIVO,"Calle 1 #9-57, Barrio Nuevo Bellavista, Bojayá",Baja,Mediana,77.6,62.7,Media,+573235062197,Chocó,null,A2,Ferreteria,901118184-3,30.0,baja,Mantener seguimiento de la cuenta.,"[""A2""]"
choco_entity_294,choco_bojaya,Bojayá,Ferretería Industrial El Baudó Bojayá,6.560518,-76.886245,ACTIVO,"Transversal 4 #25-24, Barrio Bellavista, Bojayá",Baja,Pequeña,90.4,99.6,Alta,+573231702022,Chocó,https://directorio-mock.ferromap.co/choco/bojaya/294,A3,Ferreteria,900865836-7,37.7,baja,Mantener seguimiento de la cuenta.,"[""A3""]"
choco_entity_295,choco_bojaya,Bojayá,Ferretería El Porvenir,6.556531,-76.887437,INACTIVO,"Calle 11 #22-8, Bojayá",Baja,Pequeña,80.1,73.5,Media,+573224759141,Chocó,null,A1,Ferreteria,900927377-5,12.1,baja,Evaluar reactivación del punto comercial.,"[""A1"",""A3""]"
choco_entity_296,choco_bojaya,Bojayá,Distribuciones La Económica,6.562656,-76.888185,ACTIVO,"Calle 5 #26-49, Barrio Bellavista, Bojayá",Baja,Mediana,98.5,91.5,Alta,+573108900961,Chocó,https://directorio-mock.ferromap.co/choco/bojaya/296,A2,Distribuidora,901781797-1,54.6,media,Fortalecer cobertura comercial.,"[""A1"",""A2""]"
choco_entity_297,choco_bojaya,Bojayá,Ferretería Industrial Tres Ríos,6.557506,-76.889802,ACTIVO,"Calle 6 #24-29, Barrio Bellavista, Bojayá",Baja,Mediana,84.0,64.4,Media,+573168169954,Chocó,null,A2,Ferreteria,900907989-7,19.7,baja,Mantener seguimiento de la cuenta.,"[""A2""]"
choco_entity_298,choco_bojaya,Bojayá,Ferre-Eléctricos El Triunfo,6.5571,-76.886309,VALIDAR,"Carrera 9 #30-18, Bojayá",Baja,Pequeña,40.2,45.4,Baja,+573172401923,Chocó,null,A1,Ferreteria,901711248-9,44.2,media,Realizar validación del establecimiento.,"[""A1""]"
choco_entity_299,choco_bojaya,Bojayá,Depósito La Garza,6.563066,-76.886115,ACTIVO,"Carrera 14 #15-12, Bojayá",Baja,Pequeña,79.3,73.7,Media,+573178600882,Chocó,https://directorio-mock.ferromap.co/choco/bojaya/299,A2,Deposito,900582694-2,55.1,media,Fortalecer cobertura comercial.,"[""A2""]"
choco_entity_300,choco_bojaya,Bojayá,Ferre-Eléctricos El Guayacán,6.558536,-76.888389,ACTIVO,"Calle 11 #7-35, Bojayá",Baja,Pequeña,79.3,63.9,Media,+573175433887,Chocó,null,A3,Ferreteria,901512343-7,46.2,media,Fortalecer cobertura comercial.,"[""A1"",""A3""]"
